Timestamp,market-cap
2019-05-01 00:22:57,93102930812.5
2019-05-01 15:10:02,93339768156.25
2019-05-02 06:27:56,94054003331.25
2019-05-02 19:08:19,95112952750
2019-05-03 11:17:58,100627569737.5
2019-05-04 04:55:46,100953523412.5
2019-05-05 00:30:40,101067186500
2019-05-05 20:17:27,101021706562.5
2019-05-06 13:39:12,99605580800
2019-05-07 07:47:38,103849073712.5
2019-05-08 02:44:05,102415329375
2019-05-08 19:48:59,104395395706.25
2019-05-09 14:05:04,106154695487.5
2019-05-10 07:12:13,111169645593.75
2019-05-11 03:41:11,115468678325
2019-05-11 23:33:45,130916180056.25
2019-05-12 16:24:40,122679599750
2019-05-13 09:35:29,125069469225
2019-05-13 23:04:55,140671652000
2019-05-14 15:33:48,142779671612.5
2019-05-15 08:52:29,140347631131.25
2019-05-16 02:37:41,147014563500
2019-05-16 19:17:35,139855414081.25
2019-05-17 11:41:47,127498475662.5
2019-05-18 04:33:08,129792218375
2019-05-18 22:52:10,129492035156.25
2019-05-19 14:10:37,139817588062.5
2019-05-20 03:54:23,142484693312.5
2019-05-20 20:55:06,139705667656.25
2019-05-21 13:57:38,140114674875
2019-05-22 07:13:26,140683176156.25
2019-05-22 20:53:07,138886737862.5
2019-05-23 13:09:27,135238440800
2019-05-24 06:49:46,139058123400
2019-05-24 22:13:56,143073298500
2019-05-25 16:35:00,142472602212.5
2019-05-26 08:18:15,141960429000
2019-05-27 00:16:38,156159284362.5
2019-05-27 15:17:13,157562747287.5
2019-05-28 06:42:10,155013095662.5
2019-05-28 22:58:27,154271449050
2019-05-29 13:54:22,154345141618.75
2019-05-30 04:30:21,153904537500
2019-05-30 21:26:19,149394311562.5
2019-05-31 18:01:55,149086270112.5
2019-06-01 10:35:41,152121211968.75
2019-06-02 06:25:02,152478433787.5
2019-06-03 00:23:15,154130657962.5
2019-06-03 22:25:58,149742924350
2019-06-04 16:40:46,140830875393.75
2019-06-05 08:24:12,138517249218.75
2019-06-05 23:07:59,138057407637.5
2019-06-06 16:08:44,136834687481.25
2019-06-07 08:23:33,141937881656.25
2019-06-08 01:12:09,142773911062.5
2019-06-08 22:03:26,139882733856.25
2019-06-09 15:02:59,138002945625
2019-06-10 08:05:29,136914810411.764
2019-06-11 00:46:43,141716111962.5
2019-06-11 19:17:16,139835935031.25
2019-06-12 13:52:23,142172261656.25
2019-06-13 08:11:30,144322495200
2019-06-14 00:23:03,146073503475
2019-06-14 16:04:49,149307636468.75
2019-06-15 07:17:20,154433819100
2019-06-16 01:55:39,160164551687.5
2019-06-16 21:20:21,159821242875
2019-06-17 17:03:42,164016743187.5
2019-06-18 09:52:40,164064507937.5
2019-06-19 00:45:21,160834296468.75
2019-06-19 17:05:49,162454309737.5
2019-06-20 05:52:49,165460582856.25
2019-06-21 00:32:11,170315467000
2019-06-21 19:09:10,176344034343.75
2019-06-22 14:53:19,190878100518.75
2019-06-23 05:37:21,191158952168.75
2019-06-23 19:33:26,194328461850
2019-06-24 11:18:58,192636448200
2019-06-25 01:25:16,197166892000
2019-06-25 19:13:55,202462283375
2019-06-26 11:36:28,224624167125
2019-06-27 02:35:05,226321377425
2019-06-27 20:35:27,187408845800
2019-06-28 13:21:48,207885086218.75
2019-06-29 03:45:33,207473691181.25
2019-06-29 17:44:25,210255342000
2019-06-30 10:58:30,204818544737.5
2019-07-01 03:15:24,196650055125
2019-07-01 21:01:57,186389777700
2019-07-02 15:21:09,185780889400
2019-07-03 06:03:00,204461390250
2019-07-03 19:37:13,199938762187.5
2019-07-04 11:08:08,206859034912.5
2019-07-05 01:36:19,199674856181.25
2019-07-05 16:34:57,200241521856.25
2019-07-06 06:14:25,202214719312.5
2019-07-06 19:19:32,204383897350
2019-07-07 13:05:08,202253724000
2019-07-08 03:20:16,202304528725
2019-07-08 18:39:48,211284250823.304
2019-07-09 09:55:05,225521145200
2019-07-10 04:09:21,231343781250
2019-07-10 23:40:00,214716893850
2019-07-11 19:12:19,208026785962.5
2019-07-12 11:30:52,207614885625
2019-07-13 04:44:05,207202775700
2019-07-13 22:38:32,202113895612.5
2019-07-14 15:55:54,187278165850
2019-07-15 08:49:45,182997792250
2019-07-16 03:40:06,192741120000
2019-07-16 18:24:46,172662028368.75
2019-07-17 12:10:14,163594333825
2019-07-18 08:32:51,174042448000
2019-07-19 05:25:17,187433292375
2019-07-20 01:39:14,186172619275
2019-07-20 16:46:41,191205165937.5
2019-07-21 07:38:53,189677141031.25
2019-07-22 01:18:21,189111741325
2019-07-22 15:08:09,181921681425
2019-07-23 12:43:34,177869458875
2019-07-24 05:24:08,171711889850
2019-07-24 21:25:06,172919656437.5
2019-07-25 16:24:34,177757613150
2019-07-26 10:02:26,174711493250
2019-07-26 23:33:36,174929629725
2019-07-27 16:15:01,168252143887.5
2019-07-28 08:05:24,169112162800
2019-07-28 22:36:16,163181020970.192
2019-07-29 14:15:38,170440102137.5
2019-07-30 05:42:00,167811579800
2019-07-30 23:52:03,171072480937.5
2019-07-31 17:26:27,178715740781.25
2019-08-01 06:35:28,176970724475
2019-08-02 00:45:37,185160166100
2019-08-02 16:19:17,190208525500
2019-08-03 08:03:23,193391829112.5
2019-08-03 21:58:55,193906281793.75
2019-08-04 13:48:23,190858288000
2019-08-05 05:44:37,206710609563.558
2019-08-05 22:25:44,211515239812.5
2019-08-06 14:44:45,209923418162.5
2019-08-07 06:30:25,207920518500
2019-08-07 23:38:16,214313508225
2019-08-08 18:14:24,206602683625
2019-08-09 12:22:11,209776875241.614
2019-08-10 06:45:19,211279279162.5
2019-08-10 21:36:06,202154825250
2019-08-11 14:51:18,203840856318.75
2019-08-12 07:07:40,203176837256.25
2019-08-13 02:57:44,203826543000
2019-08-13 18:28:41,193849901437.5
2019-08-14 12:39:04,189806704375
2019-08-15 04:55:40,174392695687.5
2019-08-15 21:32:49,185007752800
2019-08-16 14:31:49,181265198666.907
2019-08-17 09:11:59,185768695837.5
2019-08-18 04:41:52,180587562331.25
2019-08-19 00:35:20,183873703406.25
2019-08-19 16:39:44,191131124868.75
2019-08-20 08:25:55,192826626056.25
2019-08-21 01:45:42,190703434950
2019-08-21 19:32:34,180189848343.75
2019-08-22 15:40:07,180945654825
2019-08-23 09:05:25,181853652750
2019-08-24 01:30:29,185866394062.5
2019-08-24 17:51:11,179930328687.5
2019-08-25 10:30:54,181663412329.396
2019-08-26 02:15:31,187393417887.5
2019-08-26 21:14:29,183729129000
2019-08-27 16:36:39,182140814031.25
2019-08-28 08:21:15,181590406800
2019-08-29 02:18:31,173511878050
2019-08-29 17:47:42,170391654225
2019-08-30 09:53:59,171174309500
2019-08-31 01:59:05,172324044806.25
2019-08-31 17:44:41,171960729781.25
2019-09-01 09:06:31,171776571375
2019-09-02 02:42:40,175156468212.5
2019-09-02 21:25:13,186024297087.5
2019-09-03 12:36:25,187166853837.5
2019-09-04 04:51:25,189626041000
2019-09-04 23:53:50,189765477600
2019-09-05 13:37:20,189412340518.75
2019-09-06 06:13:44,192257484581.25
2019-09-06 22:49:13,185990771837.5
2019-09-07 17:24:52,189319952950
2019-09-08 08:03:10,189011475950
2019-09-08 22:43:16,186695472600
2019-09-09 15:03:30,185418656700
2019-09-10 06:21:43,184007200781.25
2019-09-10 20:13:53,179368514437.5
2019-09-11 11:01:46,180906006375
2019-09-12 01:17:59,182371751187.5
2019-09-12 17:41:16,184277041893.75
2019-09-13 09:08:54,184873487662.5
2019-09-14 02:26:07,185201001493.75
2019-09-14 19:14:22,186568971750
2019-09-15 14:16:11,184412353200
2019-09-16 04:24:24,185466668450
2019-09-16 20:00:48,181578444812.5
2019-09-17 13:31:46,183332152200
2019-09-18 06:17:33,183390548025
2019-09-18 20:22:28,182291572150
2019-09-19 13:50:04,177083110250
2019-09-20 06:18:38,183045581737.5
2019-09-20 22:55:54,181991199000
2019-09-21 14:59:22,179402004125
2019-09-22 07:26:51,178472970531.25
2019-09-22 21:39:23,179706869293.75
2019-09-23 19:03:59,176210289937.5
2019-09-24 14:36:34,171636281737.5
2019-09-25 06:20:14,153055665400
2019-09-25 21:10:37,152636200000
2019-09-26 12:04:34,150562985736.492
2019-09-27 03:50:31,143858498625
2019-09-28 00:10:59,147084266800
2019-09-28 16:07:24,145227014625
2019-09-29 11:07:30,145291618800
2019-09-30 04:25:40,142437088200
2019-10-01 00:51:38,147981283162.5
2019-10-01 18:32:22,149276897800
2019-10-02 11:23:44,148111027968.75
2019-10-03 04:56:20,150107795325
2019-10-03 23:10:29,147432071475
2019-10-04 16:49:27,147119423962.5
2019-10-05 07:21:03,145899016500
2019-10-06 01:17:34,146125583037.5
2019-10-06 17:31:29,144320660550
2019-10-07 10:39:05,143756185950
2019-10-08 03:23:11,148720225881.25
2019-10-08 17:55:48,147068030325
2019-10-09 12:01:44,147213736250
2019-10-10 07:00:46,154840840875
2019-10-10 21:53:59,153764146793.75
2019-10-11 13:36:53,150097342500
2019-10-12 06:53:51,150243412718.75
2019-10-13 01:34:36,150182523131.25
2019-10-13 18:43:28,151794843750
2019-10-14 15:14:25,148702640250
2019-10-15 09:17:46,148974492412.5
2019-10-16 02:33:17,146817227487.5
2019-10-16 21:33:32,143552795737.5
2019-10-17 14:37:54,144679289825
2019-10-18 05:45:52,142224344550
2019-10-18 21:56:38,142999907631.25
2019-10-19 15:57:45,144090505343.75
2019-10-20 12:08:38,142967052287.5
2019-10-21 04:14:55,148234904812.5
2019-10-21 19:43:59,147408572400
2019-10-22 11:42:39,148868945437.5
2019-10-23 02:44:29,144531004100
2019-10-23 17:30:16,134438678000
2019-10-24 09:43:55,134592653325
2019-10-25 06:57:02,134359395075
2019-10-25 23:53:06,155723897875
2019-10-26 19:29:42,163499602000
2019-10-27 15:23:19,171204384975
2019-10-28 10:59:07,170117930300
2019-10-29 04:35:44,171364706487.5
2019-10-30 01:07:07,169341070500
2019-10-30 20:04:45,165524147937.5
2019-10-31 12:49:08,167969350500
2019-11-01 10:11:12,165359353100
2019-11-02 06:24:10,166308815812.5
2019-11-03 00:35:47,168087749581.25
2019-11-03 20:09:20,165026481200
2019-11-04 15:02:29,167905357537.5
2019-11-05 09:48:46,167521143225
2019-11-06 02:45:04,167731803600
2019-11-06 22:24:43,168708900937.5
2019-11-07 18:31:45,165962026125
2019-11-08 12:10:03,162276885562.5
2019-11-09 08:36:56,159348759950
2019-11-10 00:56:02,158476582837.5
2019-11-10 18:10:01,163151612050
2019-11-11 09:21:40,156479372431.25
2019-11-12 02:44:46,157438091475
2019-11-12 20:08:25,158595430756.25
2019-11-13 17:05:07,157921364468.75
2019-11-14 07:45:21,155316234018.75
2019-11-14 23:10:46,155760890612.5
2019-11-15 14:33:03,152640921562.5
2019-11-16 08:00:50,153112411968.75
2019-11-17 02:56:25,152970211725
2019-11-17 18:01:45,154254178918.75
2019-11-18 09:20:03,152622553393.75
2019-11-19 06:01:42,147027666887.5
2019-11-19 23:10:39,146677315612.5
2019-11-20 17:09:41,146958954025
2019-11-21 12:48:52,142165958400
2019-11-22 09:03:20,133606432437.5
2019-11-23 00:22:06,130166505437.5
2019-11-23 14:54:57,131359226400
2019-11-24 08:13:42,130095367556.25
2019-11-25 03:37:20,120722050287.295
2019-11-26 01:48:07,129129851900
2019-11-26 22:19:16,128949596912.5
2019-11-27 17:33:19,136783514325
2019-11-28 09:30:32,135022613156.25
2019-11-29 02:15:47,135132007925
2019-11-29 21:15:58,139642621250
2019-11-30 16:15:25,136679594587.5
2019-12-01 11:57:51,133038049475
2019-12-02 05:24:01,130164300000
2019-12-02 23:31:30,132460922050
2019-12-03 15:41:05,132380224537.5
2019-12-04 08:20:03,129759033300
2019-12-04 22:54:41,130419869969.208
2019-12-05 16:04:11,132038676262.5
2019-12-06 10:05:02,132563810706.25
2019-12-07 03:29:15,136661334018.75
2019-12-07 20:06:01,135911795418.75
2019-12-08 13:07:50,136129789687.5
2019-12-09 06:09:56,135931706193.75
2019-12-09 23:08:45,132666830843.75
2019-12-10 17:10:30,129799550718.75
2019-12-11 12:42:51,130523833287.5
2019-12-12 04:59:17,129402330356.25
2019-12-13 00:57:10,130099539693.75
2019-12-13 17:15:18,131611423187.5
2019-12-14 09:20:38,130073426700
2019-12-15 05:05:27,127458206287.5
2019-12-16 00:45:24,128227887337.5
2019-12-16 17:03:04,128463672725
2019-12-17 10:10:59,124553065725
2019-12-18 05:21:30,120750530600
2019-12-18 23:37:51,131380341562.5
2019-12-19 15:34:50,129352639187.5
2019-12-20 08:57:05,129108629706.25
2019-12-21 00:01:54,129887874812.5
2019-12-21 14:50:26,129308662856.25
2019-12-22 05:23:34,129019214175
2019-12-22 20:49:59,134300672362.5
2019-12-23 13:25:32,136276417375
2019-12-24 10:36:54,133006740287.5
2019-12-25 05:38:24,130995986100
2019-12-26 00:07:46,130153819950
2019-12-26 15:25:25,130625756906.25
2019-12-27 09:50:14,130009997362.5
2019-12-28 04:16:28,132367031906.25
2019-12-28 19:40:40,132893343962.5
2019-12-29 12:06:38,133211249050
2019-12-30 05:20:18,133393222406.25
2019-12-30 19:25:36,131426630781.25
2019-12-31 13:28:05,130856072850
2020-01-01 06:49:04,130167556775
2020-01-01 20:06:45,130839015656.25
2020-01-02 12:49:56,128717490587.5
2020-01-03 05:48:45,130305098200
2020-01-03 21:50:08,131802061125
2020-01-04 13:34:30,132419408306.25
2020-01-05 05:00:49,135295642937.5
2020-01-05 19:35:55,134761310468.75
2020-01-06 14:09:13,136721727312.5
2020-01-07 07:18:45,143182788362.5
2020-01-07 21:43:39,145552424775
2020-01-08 14:24:08,150563067000
2020-01-09 08:23:19,143413805300
2020-01-09 23:40:49,142298880237.5
2020-01-10 17:13:27,144605802250
2020-01-11 09:13:28,147321434437.5
2020-01-12 01:47:20,147059853750
2020-01-12 17:29:22,147170550312.5
2020-01-13 10:07:40,147281160200
2020-01-14 05:47:19,154564797037.5
2020-01-14 23:02:37,160460190175
2020-01-15 14:50:37,158982598862.5
2020-01-16 09:52:38,156950803500
2020-01-17 00:13:06,157761505125
2020-01-17 15:44:46,161224581250
2020-01-18 10:37:45,161072833350
2020-01-19 06:13:24,164772847200
2020-01-19 21:42:43,158289152831.25
2020-01-20 19:47:51,157304835937.5
2020-01-22 01:12:27,158460522837.5
2020-01-22 17:26:23,157263405593.75
2020-01-23 09:08:41,153012407625
2020-01-24 01:56:29,150969535750
2020-01-24 17:09:54,153880377750
2020-01-25 10:36:27,150973570800
2020-01-26 01:59:28,151130030800
2020-01-26 20:51:35,156014322750
2020-01-27 15:09:53,159189848625
2020-01-28 10:09:03,163911657287.5
2020-01-29 02:52:09,170316492581.25
2020-01-29 20:01:23,170656298718.75
2020-01-30 10:18:07,169432824247.752
2020-01-31 04:29:43,171117992006.25
2020-01-31 21:49:57,170830274625
2020-02-01 13:06:21,170033078368.75
2020-02-02 08:19:10,170236513250
2020-02-03 02:37:42,170230713187.5
2020-02-03 18:28:15,169287708968.75
2020-02-04 14:26:15,167516492356.25
2020-02-05 07:42:17,168020223625
2020-02-05 23:30:19,174384979537.5
2020-02-06 17:14:21,177710814531.25
2020-02-07 12:34:16,177569131500
2020-02-08 07:29:20,178110031725
2020-02-09 02:04:20,181700873043.75
2020-02-09 19:50:27,183198107987.5
2020-02-10 13:51:23,179906435962.5
2020-02-11 08:48:53,178298834081.25
2020-02-12 01:28:32,188010218250
2020-02-12 21:28:30,189198704062.5
2020-02-13 16:43:44,185277941100
2020-02-14 07:45:19,184872560518.75
2020-02-15 02:57:55,187390990875
2020-02-15 21:23:15,180900298487.5
2020-02-16 16:03:26,177588174381.25
2020-02-17 09:55:05,177591977475
2020-02-18 01:00:51,177176884968.75
2020-02-18 18:31:11,182985351362.5
2020-02-19 13:43:01,185012760437.5
2020-02-20 08:25:46,174654827025
2020-02-21 02:20:38,175624530581.25
2020-02-21 18:34:28,176767558618.75
2020-02-22 12:25:13,175996457893.75
2020-02-23 06:54:28,180977656125
2020-02-23 23:57:24,182504231112.5
2020-02-24 18:30:01,175387476075
2020-02-25 11:06:52,175792428662.5
2020-02-26 06:04:18,168045047175
2020-02-27 01:16:24,158645757575
2020-02-27 17:38:30,162679348506.25
2020-02-28 10:28:28,157191206287.5
2020-02-29 02:58:13,158990468437.5
2020-02-29 19:34:19,157861725968.75
2020-03-01 11:33:37,158028281212.5
2020-03-02 03:19:35,157583574850
2020-03-02 20:00:27,162275897812.5
2020-03-03 12:20:43,160636059900
2020-03-04 05:14:04,161396135362.5
2020-03-04 20:21:34,159162890000
2020-03-05 10:19:15,166174833825
2020-03-06 02:38:40,165529819406.25
2020-03-06 20:51:38,166582460756.25
2020-03-07 12:36:27,166348182450
2020-03-08 05:48:08,159531285675
2020-03-08 20:33:57,151161350275
2020-03-09 13:02:30,142525291218.75
2020-03-10 07:23:53,144197589068.75
2020-03-11 02:09:31,144271976662.5
2020-03-12 00:23:58,143926257543.75
2020-03-12 17:08:45,111658642031.25
2020-03-13 13:29:40,103811319500
2020-03-14 07:38:31,97369631906.25
2020-03-15 05:46:15,96316960268.75
2020-03-16 02:23:29,96241718362.5
2020-03-17 00:25:27,93644728662.5
2020-03-17 22:04:42,99545286750
2020-03-18 22:09:55,97953303712.5
2020-03-19 21:58:59,115817913350
2020-03-20 21:35:09,112700638806.25
2020-03-21 18:46:06,114025008593.75
2020-03-22 14:08:12,110980198068.75
2020-03-23 13:23:21,115321362843.75
2020-03-24 09:54:40,123009226031.25
2020-03-25 06:08:14,122497076625
2020-03-26 06:24:31,121125269200
2020-03-26 21:47:04,122798301112.5
2020-03-27 12:41:00,120831976606.25
2020-03-28 05:31:29,112070182400
2020-03-29 03:48:30,113624096681.25
2020-03-29 20:42:03,107641160500
2020-03-30 13:53:43,115826911200
2020-03-31 06:04:20,117445393975
2020-03-31 22:50:31,117792489843.75
2020-04-01 15:07:28,114443118625
2020-04-02 08:37:18,121762543087.5
2020-04-03 01:13:05,123464280100
2020-04-03 19:46:17,123509824900
2020-04-04 13:44:44,122978867231.25
2020-04-05 04:37:15,123930519875
2020-04-05 20:32:19,123573346875
2020-04-06 13:59:07,130026878225
2020-04-07 06:22:03,133487688031.25
2020-04-07 22:07:35,131336633718.75
2020-04-08 16:04:21,133177474437.5
2020-04-09 08:32:00,134404978200
2020-04-10 01:06:17,133663782250
2020-04-10 16:47:15,124918189000
2020-04-11 08:47:43,126264423075
2020-04-12 01:03:16,125943898437.5
2020-04-12 16:38:15,129827780343.75
2020-04-13 09:29:40,122710004343.75
2020-04-14 00:03:39,125568204300
2020-04-14 14:42:53,127116536225
2020-04-15 06:20:19,126685909750
2020-04-15 21:23:50,123854372850
2020-04-16 13:27:39,129233548400
2020-04-17 07:24:46,129151242350
2020-04-18 03:33:26,130113881625
2020-04-18 18:49:04,131965691418.75
2020-04-19 12:38:45,131186879793.75
2020-04-20 04:05:07,131553894062.5
2020-04-20 21:02:18,125732437662.5
2020-04-21 14:22:49,125338350375
2020-04-22 05:37:54,126035121125
2020-04-23 03:05:06,130803554500
2020-04-23 19:42:10,138278076300
2020-04-24 13:49:29,137517752137.5
2020-04-25 10:15:58,138610003050
2020-04-26 02:49:21,138950237125
2020-04-26 20:35:30,140400608812.5
2020-04-27 14:55:43,140612676018.75
2020-04-28 09:01:29,141173320781.25
2020-04-29 01:23:20,142330452950
2020-04-29 18:40:21,159032288925
2020-04-30 16:24:12,161237144687.5
2020-05-01 11:29:42,163084619250
2020-05-02 02:52:54,161839310806.25
2020-05-02 20:25:52,162943278050
2020-05-03 10:59:05,167016884726.006
2020-05-04 03:34:57,160121048400
2020-05-04 19:48:45,162703245225
2020-05-05 12:58:53,162843527400
2020-05-06 04:47:35,165655844687.5
2020-05-06 20:02:58,170011747750
2020-05-07 15:15:08,175276996725
2020-05-08 08:59:41,181507468118.75
2020-05-09 03:11:23,181125611750
2020-05-09 22:39:02,176894960812.5
2020-05-10 14:03:04,161217700312.5
2020-05-11 03:16:58,161054996056.25
2020-05-11 20:47:38,159127824750
2020-05-12 13:15:21,159703208700
2020-05-13 10:21:53,164211231150
2020-05-14 09:33:08,179084169531.25
2020-05-15 05:42:44,173430295918.75
2020-05-16 02:00:03,172967899846.875
2020-05-16 21:33:56,172055184028.125
2020-05-17 23:26:19,178512654140.625
2020-05-18 18:23:20,177057911550
2020-05-19 17:38:51,177689429093.75
2020-05-20 15:18:51,178725208331.25
2020-05-21 11:03:16,172022089787.5
2020-05-22 08:38:16,166430660253.125
2020-05-23 06:13:43,170186929171.875
2020-05-24 03:26:12,169080809468.75
2020-05-25 01:30:58,161034269743.75
2020-05-25 20:44:32,163770344390.625
2020-05-26 20:00:06,161588272190.625
2020-05-27 15:40:34,168167502000
2020-05-28 09:19:29,168817301556.25
2020-05-29 03:36:05,174772013171.875
2020-05-30 00:53:57,172562493300
2020-05-30 17:48:54,175382330475
2020-05-31 09:52:04,175756455487.5
2020-06-01 04:46:51,175983479000
2020-06-01 23:05:51,179484295331.25
2020-06-02 18:13:42,175168562825
2020-06-03 13:17:34,176637115478.125
2020-06-04 05:39:22,177507979640.625
2020-06-04 23:11:36,180705787400
2020-06-05 13:11:47,177833481234.375
2020-06-06 04:33:11,176929361700
2020-06-06 16:34:57,177579725225
2020-06-07 06:57:47,178009311525
2020-06-07 22:51:37,179791095703.125
2020-06-08 15:39:51,178095786000
2020-06-09 07:08:00,178304648431.25
2020-06-09 23:08:08,180086635546.875
2020-06-10 14:16:59,179577910840.625
2020-06-11 05:44:56,181783293768.75
2020-06-11 19:20:08,171144487696.875
2020-06-12 11:29:14,174435460943.75
2020-06-13 01:18:42,173586002734.375
2020-06-13 17:47:56,173610655396.875
2020-06-14 10:23:47,173359362721.875
2020-06-15 01:17:40,171046635162.5
2020-06-15 19:20:08,173694001087.5
2020-06-16 12:17:41,175163672906.25
2020-06-17 08:59:28,174820245062.5
2020-06-18 01:05:00,173547265275
2020-06-18 20:09:29,172789566615.625
2020-06-19 16:17:12,172271129562.5
2020-06-20 10:04:39,170767739475
2020-06-21 05:07:28,172550478171.875
2020-06-21 21:28:42,171608639718.75
2020-06-22 14:43:22,174431853675
2020-06-23 09:50:01,176951409150
2020-06-24 01:31:02,177261589987.5
2020-06-24 18:58:23,171255919312.5
2020-06-25 14:02:59,169052366393.75
2020-06-26 08:34:32,167898363609.375
2020-06-26 22:25:29,169276425000
2020-06-27 17:20:53,167652673256.25
2020-06-28 10:21:24,166691814450
2020-06-29 02:54:54,168106758093.75
2020-06-29 20:34:49,168527216250
2020-06-30 12:35:12,168256994062.5
2020-07-01 06:47:07,168327571715.625
2020-07-01 22:52:07,170000717975
2020-07-02 13:04:30,170273935781.25
2020-07-03 06:51:35,167664249284.375
2020-07-03 22:10:05,167513689743.75
2020-07-04 12:57:48,167105197903.125
2020-07-05 06:50:56,167138842500
2020-07-05 21:06:50,166011760940.625
2020-07-06 13:51:22,170363788180.792
2020-07-07 04:48:59,171293532296.875
2020-07-07 21:25:31,170396862468.75
2020-07-08 14:44:44,173710621975
2020-07-09 07:15:48,173339219400
2020-07-09 22:30:08,169853295462.5
2020-07-10 15:15:09,169315805859.375
2020-07-11 07:02:21,170602749343.75
2020-07-11 23:29:23,169991468521.875
2020-07-12 17:06:45,169877778118.75
2020-07-13 07:13:54,170658010793.75
2020-07-14 02:34:45,170111177568.75
2020-07-14 19:22:30,170522873537.5
2020-07-15 12:27:48,170003645437.5
2020-07-16 07:59:30,168267719900
2020-07-17 02:58:45,168264549750
2020-07-18 01:26:58,168620872406.25
2020-07-18 22:02:23,169060240562.5
2020-07-19 16:38:03,168402644600
2020-07-20 09:31:01,169524168406.25
2020-07-21 04:50:58,169272124612.5
2020-07-22 02:24:56,172827692537.5
2020-07-22 19:47:39,172667946200
2020-07-23 14:23:08,175182018750
2020-07-24 08:38:30,175308178187.5
2020-07-24 23:43:03,176162786968.75
2020-07-25 16:53:28,177340255300
2020-07-26 09:37:17,180426646125
2020-07-27 01:51:50,186030740993.75
2020-07-27 18:08:26,201004959712.5
2020-07-28 13:48:22,201620860306.25
2020-07-29 05:34:41,202845507156.25
2020-07-29 23:22:47,207104640328.125
2020-07-30 18:01:55,203819314706.25
2020-07-31 12:01:18,207313215712.5
2020-08-01 05:21:50,211360812581.25
2020-08-01 23:55:43,217853171421.875
2020-08-02 18:03:41,207999733462.5
2020-08-03 12:27:41,207057018796.875
2020-08-04 02:12:05,209416934687.5
2020-08-04 20:56:58,207422466990.625
2020-08-05 15:01:52,214663159734.375
2020-08-06 08:14:38,214993791256.25
2020-08-07 01:14:00,217668038084.375
2020-08-07 17:51:35,212785576575
2020-08-08 11:28:37,217563784562.5
2020-08-09 05:20:43,216196661887.5
2020-08-09 21:08:04,215586142137.5
2020-08-10 17:04:10,219442123600
2020-08-11 08:40:52,216764439600
2020-08-12 01:38:37,209970400937.5
2020-08-12 19:25:00,213189766231.25
2020-08-13 10:05:33,210428500275
2020-08-14 03:21:14,216537119625
2020-08-14 19:24:38,218215664765.625
2020-08-15 11:14:02,219358948900
2020-08-16 01:55:01,219551441850
2020-08-16 19:06:57,218645486953.125
2020-08-17 14:10:04,224044658184.375
2020-08-18 10:54:18,226988490184.375
2020-08-19 04:20:57,218936837175
2020-08-19 23:16:33,216414927500.00003
2020-08-20 16:14:15,219164907850.00003
2020-08-21 08:51:48,218046298218.75
2020-08-22 02:38:21,211285809425
2020-08-22 21:31:54,214950143156.25
2020-08-23 13:50:27,214902447725
2020-08-24 05:55:43,215335026075
2020-08-24 23:11:11,217125113606.25
2020-08-25 19:21:59,208045363021.875
2020-08-26 11:56:38,210426402400
2020-08-27 09:05:06,210249299925
2020-08-28 04:04:22,210349204250
2020-08-28 19:10:00,212287291565.625
2020-08-29 11:46:12,211749919287.5
2020-08-30 06:59:20,214029906343.75
2020-08-31 03:29:56,215986736765.625
2020-08-31 17:38:26,216465694700
2020-09-01 12:13:16,219799269299.99997
2020-09-02 03:47:08,218883280400
2020-09-02 22:20:52,210502159200
2020-09-03 19:03:57,196752290984.375
2020-09-04 12:14:30,192851018400
2020-09-05 09:07:16,190843261859.8783
2020-09-06 03:05:16,187588662553.125
2020-09-06 18:06:40,188510216250.00003
2020-09-07 11:49:29,184968333920.6705
2020-09-08 01:23:19,191360957996.875
2020-09-08 17:47:22,187218295293.75
2020-09-09 09:10:54,187696349190.625
2020-09-10 05:22:50,191797441750
2020-09-10 19:42:28,190011233868.75
2020-09-11 13:11:32,190147510300
2020-09-12 07:18:25,191032508203.125
2020-09-12 20:57:51,193183890371.875
2020-09-13 12:20:17,191166372375
2020-09-14 03:14:47,191413575806.24997
2020-09-14 18:12:24,197485014375
2020-09-15 11:10:29,200589171818.75
2020-09-16 02:41:21,198063133050
2020-09-16 19:13:14,203663866575
2020-09-17 10:26:28,200823391500
2020-09-18 00:40:49,201607279125.00003
2020-09-18 14:56:20,202317249000
2020-09-19 08:53:25,201954616499.99997
2020-09-20 02:09:46,202239271124.99997
2020-09-20 19:38:34,201395730037.5
2020-09-21 10:47:18,197167360000
2020-09-22 06:59:12,192957183200
2020-09-23 02:21:14,194517869700
2020-09-23 21:54:18,189326902062.5
2020-09-24 14:44:04,192200973500
2020-09-25 07:57:05,197794849725
2020-09-25 23:34:42,197515250000
2020-09-26 17:16:45,198558427359.375
2020-09-27 10:22:25,197057745712.5
2020-09-28 03:29:03,201727374143.75
2020-09-28 22:09:49,201272030662.5
2020-09-29 15:48:46,198846116443.75
2020-09-30 10:28:26,198057564000
2020-10-01 01:28:21,199841102668.75
2020-10-01 23:20:54,195962139087.5
2020-10-02 18:06:18,194831036399.99997
2020-10-03 09:38:36,194810251225
2020-10-04 03:24:58,195326242087.5
2020-10-04 20:03:37,197563445853.12503
2020-10-05 14:08:40,198579305850
2020-10-06 07:42:07,199049213837.5
2020-10-07 05:19:10,195946727675
2020-10-07 19:52:14,197221720425
2020-10-08 11:17:50,196257001387.5
2020-10-09 05:28:45,201308540103.125
2020-10-09 23:44:53,205120092750
2020-10-10 18:15:02,210190893468.74997
2020-10-11 10:57:19,210494709821.875
2020-10-12 05:24:16,211029909462.5
2020-10-12 21:55:29,216397641796.875
2020-10-13 15:12:47,210869181287.5
2020-10-14 05:00:44,210978567675
2020-10-14 22:48:41,210810273003.125
2020-10-15 16:43:24,212040072737.5
2020-10-16 10:03:12,208288375281.25
2020-10-17 01:11:50,209231051400
2020-10-17 17:57:21,209729386109.375
2020-10-18 12:21:44,211607472346.875
2020-10-19 10:08:21,212680087900
2020-10-20 03:15:16,217225576200
2020-10-20 23:29:12,221447243187.5
2020-10-21 17:49:00,236727694125
2020-10-22 13:34:40,239811299437.5
2020-10-23 09:56:45,240246023737.50003
2020-10-24 03:53:28,240671516146.875
2020-10-24 20:44:44,243394177437.5
2020-10-25 16:36:36,241226002190.625
2020-10-26 14:27:59,243643176459.375
2020-10-27 16:53:01,254518535006.25
2020-10-28 18:17:27,244512917334.375
2020-10-29 17:41:25,251507199046.875
2020-10-30 15:00:31,251266037250
2020-10-31 17:51:13,254684652300
2020-11-01 12:27:36,255129242515.62497
2020-11-02 11:25:54,248207504906.25
2020-11-03 09:52:58,250338360800
2020-11-04 02:28:26,257250950131.24997
2020-11-04 19:20:09,260994731850
2020-11-05 12:27:34,276906737250
2020-11-06 06:44:57,292913049593.75
2020-11-06 22:51:47,289429591275
2020-11-07 15:48:58,284995504985.1875
2020-11-08 09:56:59,280181642987.49994
2020-11-09 03:11:00,286448403400
2020-11-09 16:41:36,280739573040.625
2020-11-10 10:00:19,284411113656.25
2020-11-11 03:35:12,285199954706.25
2020-11-11 20:20:05,291245113278.12494
2020-11-12 14:23:09,297031225499.99994
2020-11-13 05:40:30,302975258749.99994
2020-11-13 23:50:19,301919986265.625
2020-11-14 17:08:44,295403741953.125
2020-11-15 11:20:48,296647468168.75
2020-11-16 03:02:19,297028958306.25
2020-11-16 18:40:43,312274507846.875
2020-11-17 11:43:19,315735206565.625
2020-11-18 03:42:58,337742745484.375
2020-11-18 17:45:50,332172197743.75
2020-11-19 13:43:12,332694242831.25
2020-11-20 04:50:27,336990851250
2020-11-20 20:37:29,344543160215.625
2020-11-21 12:06:35,346317708103.125
2020-11-22 02:51:15,344298904000
2020-11-22 16:48:12,343411464375.00006
2020-11-23 09:05:28,346401310200.00006
2020-11-24 03:55:15,341756984075
2020-11-24 22:08:36,355248115031.25
2020-11-25 14:49:12,357144021100
2020-11-26 07:23:47,323285528615.625
2020-11-27 00:16:30,322805358056.2501
2020-11-27 18:10:04,311664896400
2020-11-28 08:43:37,314737856562.5
2020-11-29 01:47:32,328240195800
2020-11-29 19:03:15,335044326600
2020-11-30 17:21:24,358467913968.75
2020-12-01 08:53:17,362238953550
2020-12-02 06:46:54,350884071290.625
2020-12-02 23:59:07,356195634993.75
2020-12-03 16:16:47,357238496671.875
2020-12-04 09:44:56,351877582856.25
2020-12-05 01:42:10,348094218875
2020-12-05 21:16:02,353081583356.25
2020-12-06 17:11:59,355423950750
2020-12-07 06:59:57,359159786165.2738
2020-12-08 01:20:16,356359133968.74994
2020-12-08 20:09:06,347998761000
2020-12-09 14:55:32,339767636250
2020-12-10 11:43:50,338823663253.125
2020-12-11 04:26:06,332940454556.25
2020-12-11 23:38:05,339544276725
2020-12-12 18:43:53,349481746228.125
2020-12-13 12:23:27,360255453750
2020-12-14 04:07:07,355180100225
2020-12-14 22:21:12,358777012800
2020-12-15 16:51:31,360257110012.5
2020-12-16 09:09:18,362675103984.375
2020-12-17 06:17:55,414173073400
2020-12-18 00:31:30,428907777175
2020-12-18 17:24:30,423322854453.125
2020-12-19 08:49:45,428195510400
2020-12-20 00:57:19,436588496337.5
2020-12-20 17:32:37,441889088437.5
2020-12-21 11:32:10,413964607438.02454
2020-12-22 05:14:23,421522411193.75
2020-12-23 00:53:27,439618529339.6213
2020-12-23 16:28:46,438171558000
2020-12-24 09:22:15,432325239725
2020-12-25 05:32:11,438165645775
2020-12-26 00:38:56,456874084575
2020-12-26 18:35:57,478621840390.625
2020-12-27 12:29:07,505983062681.25006
2020-12-28 04:45:25,502609673596.875
2020-12-28 21:05:09,494599376803.125
2020-12-29 14:47:43,494440622500
2020-12-30 05:24:28,521425319100
2020-12-30 20:05:52,535476564212.49994
2020-12-31 12:52:15,530449416750
2021-01-01 04:17:44,542865961556.25
2021-01-01 20:58:56,544781269012.5
2021-01-02 14:42:58,585138097250.0001
2021-01-03 07:10:38,641514145723.7568
2021-01-03 23:01:57,614626089062.5
2021-01-04 13:56:50,592964157907.7372
2021-01-05 05:04:16,566621641162.5001
2021-01-05 21:59:44,642970596034.375
2021-01-06 12:13:20,647567261065.625
2021-01-07 02:20:21,691637522765.625
2021-01-07 18:23:06,711455525975
2021-01-08 12:27:11,763973113425
2021-01-09 03:35:38,748761607475
2021-01-09 22:19:05,749383853762.5
2021-01-10 15:20:39,738243360775
2021-01-11 06:36:21,626723955000
2021-01-11 23:27:18,646478560312.5
2021-01-12 16:25:50,653373945553.125
2021-01-13 09:37:51,646822422193.75
2021-01-14 01:59:30,699724711125
2021-01-14 19:56:15,739824344296.875
2021-01-15 13:47:01,687256458131.25
2021-01-16 04:47:07,664977369825
2021-01-17 00:09:27,677208091209.3939
2021-01-17 19:34:55,663211376259.375
2021-01-18 11:54:56,689643329375
2021-01-19 05:14:23,676058714787.5
2021-01-19 23:10:38,667887450337.5
2021-01-20 17:16:34,648617011681.25
2021-01-21 14:13:02,579582198328.125
2021-01-22 06:13:10,587017776675
2021-01-23 01:59:55,597710246940.6249
2021-01-23 18:50:09,601291296582.0337
2021-01-24 10:38:30,610677046000
2021-01-25 05:17:34,622264769531.25
2021-01-25 23:53:55,606384495993.75
2021-01-26 15:41:07,587702105250
2021-01-27 09:59:01,582530336962.5
2021-01-28 03:06:20,585882701100
2021-01-28 19:15:03,612492386481.25
2021-01-29 13:29:27,711055750640.625
2021-01-30 04:57:02,627874494909.375
2021-01-31 01:24:59,635017119506.25
2021-01-31 18:51:28,609712965984.375
2021-02-01 15:05:23,617674572443.75
2021-02-02 10:30:26,651598500000
2021-02-03 01:37:45,669681141937.5
2021-02-03 19:12:21,685996099406.25
2021-02-04 11:11:41,695786223890.625
2021-02-05 02:42:39,694377259953.125
2021-02-05 18:39:55,698936272799.9999
2021-02-06 10:58:07,753595917000
2021-02-07 02:53:38,721788825381.25
2021-02-07 18:42:14,716022930037.5
2021-02-08 11:38:42,732306358218.75
2021-02-09 03:43:46,866954768137.5
2021-02-09 21:58:27,871911768587.5
2021-02-10 14:41:07,829077701400
2021-02-11 10:34:40,863267130025
2021-02-12 05:44:55,883433600618.75
2021-02-13 00:02:29,886660166059.375
2021-02-13 15:39:19,877014569031.25
2021-02-14 07:24:33,912793743750
2021-02-15 01:59:15,873583993934.375
2021-02-15 18:32:48,905798290275
2021-02-16 16:26:14,902868262125
2021-02-17 11:09:30,956772193850.0001
2021-02-18 03:11:50,970074922416.8895
2021-02-18 23:52:15,964657186687.5
2021-02-19 15:42:49,1015410784500
2021-02-20 09:02:06,1030801107737.5001
2021-02-21 02:38:54,1056189891787.5
2021-02-21 19:45:04,1081506300875
2021-02-22 14:39:31,986288081653.125
2021-02-23 12:31:25,908525718750.0001
2021-02-24 06:45:07,934463567250
2021-02-24 22:19:13,920194924084.0364
2021-02-25 13:42:52,949459689543.75
2021-02-26 09:34:48,868394738398.2661
2021-02-27 01:38:08,889647606178.125
2021-02-27 17:01:42,877404510562.5
2021-02-28 13:34:22,824644152337.5
2021-03-01 09:18:47,882369656918.75
2021-03-02 03:26:40,912303434656.25
2021-03-02 20:32:52,889908542050
2021-03-03 13:30:18,950308906425
2021-03-04 07:00:59,926739167725.0001
2021-03-05 04:01:21,869783426212.5
2021-03-05 21:22:56,917370285000.0001
2021-03-06 11:59:01,890757174400
2021-03-07 08:06:50,940996038468.75
2021-03-07 23:52:54,963789018900.0001
2021-03-08 16:22:33,947683080168.75
2021-03-09 09:36:20,1011058245750.0001
2021-03-10 04:22:11,993507484299.9999
2021-03-10 21:08:10,1063425732125
2021-03-11 16:20:31,1057504500731.25
2021-03-12 09:53:18,1054016892850.0001
2021-03-13 02:47:58,1057747498831.25
2021-03-13 20:49:55,1135652121075
2021-03-14 12:37:25,1123698135000
2021-03-15 06:19:30,1083351376249.9999
2021-03-15 22:55:54,1047534916912.5
2021-03-16 15:56:55,1040175143137.5
2021-03-17 09:03:28,1022544872765.6249
2021-03-18 04:11:10,1098524527999.9999
2021-03-18 21:23:19,1082546290012.5
2021-03-19 15:19:26,1098565963312.5
2021-03-20 07:18:16,1094695908178.125
2021-03-20 23:43:24,1091525313034.375
2021-03-21 16:53:22,1068742481846.875
2021-03-22 09:39:33,1084801252000
2021-03-23 01:34:41,1023153981721.8749
2021-03-23 18:13:24,1033921491006.25
2021-03-24 09:08:18,1052938465500
2021-03-25 03:27:55,976380171856.25
2021-03-25 18:46:23,971590752900.0001
2021-03-26 14:58:33,996337700000
2021-03-27 06:34:08,1028403341100
2021-03-27 23:38:25,1041385287271.875
2021-03-28 16:20:06,1048403703478.125
2021-03-29 08:54:05,1050214690756.2501
2021-03-30 03:05:08,1070162088906.25
2021-03-30 19:07:46,1099743749328.125
2021-03-31 13:41:13,1092594957890.625
2021-04-01 04:08:34,1105086831653.125
2021-04-01 21:35:51,1097330910025
2021-04-02 14:37:56,1105734742875
2021-04-03 10:18:50,1111123591865.625
2021-04-04 04:42:54,1074704403150
2021-04-04 23:10:58,1086628302943.75
2021-04-05 15:34:21,1103352341200
2021-04-06 09:30:38,1094548889606.25
2021-04-07 02:55:56,1080384906250
2021-04-07 19:00:28,1043761679512.5
2021-04-08 11:17:16,1059683450625.0001
2021-04-09 08:05:29,1085477466856.25
2021-04-09 23:27:04,1084376957109.3749
2021-04-10 15:42:15,1125014103118.7502
2021-04-11 09:53:45,1112874901556.25
2021-04-12 02:26:57,1117426030087.5002
2021-04-12 20:07:41,1121061740312.5
2021-04-13 13:38:49,1172905574400
2021-04-14 09:40:11,1187827590881.25
2021-04-15 02:17:24,1171232960062.5
2021-04-15 18:06:41,1171004755243.75
2021-04-16 12:51:34,1136172078475.0002
2021-04-17 14:00:06,1141771133343.75
2021-04-18 12:40:16,1017141973631.25
2021-04-19 16:44:08,1032108715421.875
2021-04-20 13:18:09,1045768089609.375
2021-04-21 13:17:05,1035032105925
2021-04-22 11:38:00,1027677586387.5
2021-04-23 04:22:50,929942841062.5
2021-04-23 22:07:42,941189566400
2021-04-24 17:36:58,934971036431.2499
2021-04-25 10:36:12,929209990912.5
2021-04-26 03:15:59,975887783375
2021-04-27 02:27:06,1007596727028.1251
2021-04-27 19:39:48,1022876514000
2021-04-28 13:17:52,1025707456396.875
2021-04-29 09:28:53,1013209317006.25
2021-04-30 05:29:27,1011357376425
2021-04-30 23:34:09,1075575484893.75
2021-05-01 18:53:12,1077287273125
2021-05-02 09:19:37,1057908703075
2021-05-02 22:50:59,1053094167937.5
2021-05-03 13:17:18,1098203583087.5
2021-05-04 02:57:22,1043754247968.7501
2021-05-04 18:29:41,1013806469565.625
2021-05-05 09:33:19,1031738508640.625
2021-05-06 01:19:22,1062856301050
2021-05-06 18:36:23,1062295503906.2499
2021-05-07 07:08:36,1050382413787.5
2021-05-07 22:45:04,1067187830625
2021-05-08 12:57:00,1098600869453.125
2021-05-09 03:01:04,1099808797500
2021-05-09 15:29:46,1071229265062.5
2021-05-10 06:05:45,1107088346656.2502
2021-05-10 20:56:03,1034921552343.75
2021-05-11 11:52:52,1040710571140.625
2021-05-12 02:56:53,1068705851806.25
2021-05-12 18:12:27,1027473395456.2499
2021-05-13 08:12:10,952038204081.25
2021-05-14 00:46:13,933381095000
2021-05-14 20:56:51,926931063665.6249
2021-05-15 16:25:22,904567292131.25
2021-05-16 12:37:56,917828368537.5
2021-05-17 09:56:35,844219051250
2021-05-18 06:33:34,851163338675
2021-05-19 06:33:46,744526700228.125
2021-05-20 04:03:06,719747651250
2021-05-21 01:55:48,781644425100
2021-05-22 01:58:45,709860673612.5
2021-05-22 23:44:22,707742799537.5
2021-05-23 19:42:45,622740681232.2284
2021-05-24 16:45:53,703272627500
2021-05-25 12:25:40,693330098081.25
2021-05-26 11:57:39,743839308437.5
2021-05-27 06:29:47,711368604231.25
2021-05-28 04:33:35,707893112175
2021-05-29 02:46:56,680641940468.75
2021-05-30 00:10:06,647519655825
2021-05-30 17:31:53,672854899612.5
2021-05-31 12:22:57,696029683746.875
2021-06-01 05:56:23,694378562062.5
2021-06-01 23:59:21,688008840715.625
2021-06-02 14:31:59,708967740000
2021-06-03 08:08:15,723261626331.25
2021-06-04 00:56:00,725403267187.5
2021-06-04 21:03:45,693200129493.75
2021-06-05 16:23:53,676613630584.375
2021-06-06 10:19:52,676553289843.75
2021-06-07 04:07:46,680791198437.5
2021-06-07 23:22:46,636941983421.875
2021-06-08 15:43:02,589773979200
2021-06-09 07:19:03,642625222943.75
2021-06-10 08:05:19,692436377465.625
2021-06-11 05:00:45,693753383965.625
2021-06-12 04:22:16,666325251375
2021-06-13 00:37:34,664363070800
2021-06-13 20:18:19,729188104106.25
2021-06-14 15:20:37,759368027671.875
2021-06-15 10:06:59,751404208362.5
2021-06-16 07:30:00,754099038457.676
2021-06-17 03:37:21,727155743531.25
2021-06-17 21:42:45,706289204712.4999
2021-06-18 18:09:07,678825375118.75
2021-06-19 18:31:20,665760345534.375
2021-06-20 17:20:44,648965243618.75
2021-06-21 19:28:17,612904136140.6251
2021-06-22 21:39:02,610011615937.4999
2021-06-23 23:48:24,630770770512.5
2021-06-24 23:54:44,647201765550
2021-06-25 22:32:10,596113163749.9999
2021-06-27 06:37:50,618804391981.25
2021-06-28 17:24:09,647476582725
2021-06-29 20:58:41,680480833093.75
2021-07-01 01:10:56,651112096300
2021-07-02 03:14:02,623306578125
2021-07-03 07:03:00,631577165249.9999
2021-07-04 03:09:57,648134680650
2021-07-05 00:14:50,661628058525
2021-07-05 19:00:31,637006255900
2021-07-06 14:18:27,639016198750
2021-07-07 08:37:48,652941930881.25
2021-07-08 05:28:20,623470358165.625
2021-07-08 23:26:38,613076001281.25
2021-07-09 19:55:08,625136465781.25
2021-07-10 10:24:12,632265822475.0001
2021-07-11 05:20:30,628509358040.625
2021-07-12 01:06:36,640834411262.5
2021-07-12 21:21:16,616738726621.8749
2021-07-13 16:34:15,614425470750.0001
2021-07-14 10:27:34,606832230637.5
2021-07-14 23:57:32,613915760218.75
2021-07-15 19:49:30,590575164750.0001
2021-07-16 13:12:10,594807197368.7501
2021-07-17 05:40:51,590748193100
2021-07-18 00:31:41,592710647981.2501
2021-07-18 16:23:36,589283461543.4081
2021-07-19 10:46:30,587068031281.25
2021-07-20 02:28:31,573524324587.5
2021-07-20 22:41:19,556302495684.375
2021-07-21 14:43:38,593566011796.875
2021-07-22 09:50:13,596317033193.75
2021-07-23 01:46:07,613160405765.625
2021-07-23 20:27:52,608021774140.625
2021-07-24 14:40:40,634399084300.7245
2021-07-25 06:31:59,645915691634.375
2021-07-25 23:24:20,650189139362.5001
2021-07-26 14:53:42,717483501590.625
2021-07-27 08:08:08,697032975390.625
2021-07-27 23:08:59,735570811634.3751
2021-07-28 13:42:27,745807271803.1251
2021-07-29 09:07:14,749568817865.625
2021-07-29 23:26:06,748666378125
2021-07-30 14:32:23,731658102140.625
2021-07-31 06:31:45,777909867000
2021-07-31 22:44:27,785277414931.2496
2021-08-01 14:34:31,777589309375
2021-08-02 09:43:19,742303209049.9999
2021-08-03 00:56:35,743221197731.25
2021-08-03 16:53:01,717419018533.2887
2021-08-04 10:26:27,709242499212.5
2021-08-05 05:15:21,740295866315.625
2021-08-05 19:57:51,768093566853.1249
2021-08-06 12:07:03,760628272178.125
2021-08-07 03:41:34,812653033828.125
2021-08-07 19:30:48,819658197543.7501
2021-08-08 11:54:30,835866013684.375
2021-08-09 03:34:31,815274422353.125
2021-08-09 18:56:47,870792366468.75
2021-08-10 11:59:43,850444715000
2021-08-11 03:02:05,853769995672.7417
2021-08-11 19:55:56,870931764781.25
2021-08-12 13:53:36,838325457000
2021-08-13 06:30:48,855796490656.25
2021-08-14 00:23:45,896985101137.5
2021-08-14 15:24:54,878165097075
2021-08-15 08:21:29,861739048500
2021-08-15 21:04:21,876902537043.7501
2021-08-16 12:06:22,893410425937.5
2021-08-17 04:06:56,872135727943.75
2021-08-17 18:47:39,857529978646.875
2021-08-18 12:16:02,839869832750
2021-08-19 07:20:11,836084966062.5
2021-08-19 23:11:24,879991896000
2021-08-20 13:00:24,886853762893.75
2021-08-21 06:15:28,917939676150
2021-08-21 20:51:53,922632747125
2021-08-22 11:53:27,924093604500
2021-08-23 04:38:43,944405458612.5
2021-08-23 17:35:29,931226050212.5
2021-08-24 06:58:31,934134638531.2501
2021-08-24 23:32:43,902928070962.5
2021-08-25 16:06:18,916888602150
2021-08-26 07:50:35,883461060562.5
2021-08-27 01:25:25,893633990859.375
2021-08-27 19:52:14,908845813218.75
2021-08-28 11:26:22,917807761625
2021-08-29 04:43:53,905976993318.75
2021-08-29 22:09:12,919799872406.25
2021-08-30 16:53:52,905317274662.5
2021-08-31 09:46:39,893672829631.25
2021-09-01 05:07:56,886700144550.0001
2021-09-02 00:07:15,918556838718.75
2021-09-02 15:47:19,933829572523.8812
2021-09-03 10:16:03,941186386016.8359
2021-09-04 03:04:39,943308330900
2021-09-04 19:56:32,938762188612.5
2021-09-05 10:41:08,944296342687.5
2021-09-06 03:00:30,972475783637.5
2021-09-06 17:55:39,972575868459.375
2021-09-07 07:58:39,985456754109.375
2021-09-08 03:08:23,885038415525
2021-09-08 20:42:51,865469092062.5
2021-09-09 14:44:06,884113175690.6248
2021-09-10 08:20:22,868229545921.875
2021-09-11 03:07:50,851902702775
2021-09-11 21:04:33,852083208275
2021-09-12 14:13:41,864069364265.625
2021-09-13 06:29:50,842181258593.75
2021-09-13 23:44:41,844995548550
2021-09-14 14:22:57,870868751550
2021-09-15 07:41:04,885727051799.9999
2021-09-16 00:53:56,901150619687.5
2021-09-16 20:30:44,890766718728.125
2021-09-17 14:21:31,893018949162.5
2021-09-18 05:57:45,910637127468.75
2021-09-18 22:54:03,903263611096.875
2021-09-19 13:49:15,890215217084.375
2021-09-20 06:04:51,860373730191.468
2021-09-20 21:41:30,823310125984.375
2021-09-21 16:33:15,809589337625
2021-09-22 13:22:04,798681630131.25
2021-09-23 07:47:41,831387738118.75
2021-09-23 22:18:12,842212788571.875
2021-09-24 16:12:05,789466383956.25
2021-09-25 06:33:39,802954556125.0001
2021-09-26 02:19:21,791056300553.125
2021-09-26 20:48:22,820755831225
2021-09-27 13:39:24,821453369062.4999
2021-09-28 06:31:41,797720856800
2021-09-28 23:36:09,782158477375
2021-09-29 17:40:37,781366905403.125
2021-09-30 11:30:39,810543807659.375
2021-10-01 01:33:30,820646926359.375
2021-10-01 19:51:00,901143625171.875
2021-10-02 09:32:06,901457812796.875
2021-10-03 00:46:01,895481792034.375
2021-10-03 16:43:13,903432855881.25
2021-10-04 11:26:08,894635094759.9524
2021-10-05 01:51:05,927077842631.2499
2021-10-05 18:11:29,944514609468.75
2021-10-06 09:55:56,951884581553.1251
2021-10-07 07:09:57,1028018077174.4357
2021-10-08 00:06:15,1013795565234.3751
2021-10-08 20:53:32,1024592608337.7289
2021-10-09 15:05:42,1039666858243.75
2021-10-10 07:55:56,1048426174687.4999
2021-10-10 23:45:12,1030123886645.8221
2021-10-11 18:15:56,1082646026517.5288
2021-10-12 10:22:45,1070722799859.375
2021-10-13 04:38:37,1059342018065.6249
2021-10-13 20:37:11,1077167015509.3751
2021-10-14 13:32:57,1087089086812.5
2021-10-15 08:46:16,1115337584099.9998
2021-10-16 02:15:00,1152991340637.5
2021-10-16 21:51:57,1147698562499.9998
2021-10-17 13:51:28,1145307737662.5002
2021-10-18 05:57:12,1175508771996.617
2021-10-18 23:35:20,1167100708837.4998
2021-10-19 17:22:21,1195282207400
2021-10-20 07:43:07,1206859770250
2021-10-21 02:42:36,1218736438195.3845
2021-10-21 18:59:14,1182778570824.9998
2021-10-22 12:13:50,1194875702746.875
2021-10-23 03:15:07,1151808251457.4553
2021-10-23 21:00:08,1153003992188.232
2021-10-24 14:51:49,1134728900184.375
2021-10-25 06:26:18,1166518979296.8752
2021-10-25 20:07:36,1182265565284.3748
2021-10-26 12:23:03,1183249853615.625
2021-10-27 06:27:38,1145156016056.25
2021-10-27 22:06:57,1108530285696.8748
2021-10-28 13:15:19,1155390931296.875
2021-10-29 05:18:42,1159609243806.25
2021-10-29 20:46:55,1177310728190.625
2021-10-30 12:45:32,1160039611796.875
2021-10-31 04:31:38,1156553623809.375
2021-10-31 23:29:44,1161281018756.25
2021-11-01 16:12:18,1152758965106.2498
2021-11-02 08:49:09,1185731378520.1973
2021-11-03 00:47:24,1193331055231.5718
2021-11-03 16:29:37,1174223789253.125
2021-11-04 10:22:45,1170247095390.625
2021-11-05 03:12:43,1174202518031.25
2021-11-05 20:34:43,1155095913562.5
2021-11-06 12:27:55,1142581467390.625
2021-11-07 04:43:54,1170807684834.3752
2021-11-07 21:43:45,1187517666087.5
2021-11-08 14:40:05,1242013495342.0837
2021-11-09 10:38:31,1279027260156.25
2021-11-10 02:18:02,1255354024925
2021-11-10 20:05:22,1242330963975
2021-11-11 10:58:48,1226259452200
2021-11-12 04:47:24,1224000261925.0002
2021-11-12 22:30:44,1207697351046.1624
2021-11-13 15:48:27,1222850077431.25
2021-11-14 07:56:31,1213246710644.148
2021-11-15 00:33:28,1239262730634.375
2021-11-15 16:41:51,1213137196406.25
2021-11-16 10:53:28,1139706666351.799
2021-11-17 04:05:25,1121818525203.125
2021-11-17 19:42:01,1136081092387.5
2021-11-18 14:22:05,1108834506040.625
2021-11-19 06:59:45,1058432758321.875
2021-11-20 02:20:05,1108185528187.5
2021-11-20 19:46:01,1122156986500
2021-11-21 16:04:15,1131004017918.75
2021-11-22 09:52:49,1081832595000
2021-11-23 04:24:14,1070872482968.75
2021-11-23 23:25:42,1087035197784.375
2021-11-24 14:27:55,1062970634250.0001
2021-11-25 08:48:18,1087395082031.25
2021-11-26 07:01:19,1076685203034.7684
2021-11-27 00:15:45,1018865312606.25
2021-11-27 17:50:25,1037512027200
2021-11-28 15:01:36,1026236032250
2021-11-29 06:48:12,1086736023406.157
2021-11-30 00:30:47,1079842631918.7499
2021-11-30 18:49:38,1088360975075
2021-12-01 13:51:49,1107665025393.75
2021-12-02 06:29:17,1072230757262.5
2021-12-03 00:19:52,1069689956187.5
2021-12-03 15:04:04,1058214307071.8749
2021-12-04 06:41:04,898992794043.75
2021-12-04 23:33:47,931121567417.3129
2021-12-05 14:24:16,918618612546.875
2021-12-06 07:00:10,915231237396.875
2021-12-06 20:26:57,924097054106.498
2021-12-07 14:21:48,975416391571.875
2021-12-08 04:23:38,952946953659.375
2021-12-08 19:17:24,954284149546.875
2021-12-09 11:39:49,931566741340.625
2021-12-10 03:21:58,914214409509.375
2021-12-10 20:24:50,913622846934.375
2021-12-11 12:54:47,915119475850.0001
2021-12-12 05:54:29,928390109234.3749
2021-12-12 23:33:27,944420980443.7499
2021-12-13 18:07:44,919165827693.75
2021-12-14 11:34:42,883742023194.8124
2021-12-15 06:03:11,914689968631.3125
2021-12-15 22:26:40,914722028854.6875
2021-12-16 20:44:44,924051757052.8751
2021-12-17 13:49:05,900903335437.875
2021-12-18 08:12:38,872864898793.3125
2021-12-19 03:13:33,885942743555.1875
2021-12-19 21:19:14,885974083634.5
2021-12-20 15:14:50,882708111296
2021-12-21 06:31:26,886914582117.75
2021-12-22 00:01:23,925222736248.4375
2021-12-22 16:55:08,925255155401.0625
2021-12-23 09:58:31,919497665936.25
2021-12-24 01:52:02,960323752380.375
2021-12-24 19:12:46,960357397900
2021-12-25 13:19:17,960944119677.75
2021-12-26 05:50:13,954471719272.3125
2021-12-27 01:20:46,960750274813.0625
2021-12-27 20:02:23,960783930548.4375
2021-12-28 12:32:09,958759628070.625
2021-12-29 07:19:31,900329339116.375
2021-12-30 00:51:53,877807242890.0625
2021-12-30 22:25:16,877837988766.4375
2021-12-31 16:34:23,891565598455
2022-01-01 06:45:21,874885871994.75
2022-01-01 21:25:48,874916512328.25
2022-01-02 12:00:57,903584885815.125
2022-01-03 06:40:38,895378224578.75
2022-01-04 02:13:43,878649360882.125
2022-01-04 17:55:51,878680128700.5
2022-01-05 11:23:34,867755672675.25
2022-01-06 05:28:15,821867717516.75
2022-01-06 22:47:05,821896493979.375
2022-01-07 17:23:29,815954433238
2022-01-08 10:56:43,785846002030.5
2022-01-09 05:04:21,788956032500.25
2022-01-09 22:36:47,788983652741.375
2022-01-10 16:43:01,792294993110
2022-01-11 10:14:14,792030512212.5
2022-01-12 02:51:23,808607066557.75
2022-01-12 20:15:57,808635370790.375
2022-01-13 10:41:29,831426935400
2022-01-14 01:49:25,805342948692.5
2022-01-14 17:15:07,805371135709
2022-01-15 07:31:19,815866225420.875
2022-01-15 23:50:11,816787543491.5
2022-01-16 15:11:10,816816128067.625
2022-01-17 05:55:47,816010006275
2022-01-17 21:04:11,816038561641.5
2022-01-18 16:45:34,788454180800
2022-01-19 08:29:21,786153164368.75
2022-01-19 23:04:33,789115784850
2022-01-20 12:08:47,796358232112.5
2022-01-21 07:12:35,741358442125
2022-01-22 03:11:41,688627186187.5
2022-01-22 21:25:25,668388474000
2022-01-23 14:57:02,667105144425
2022-01-24 08:55:33,654842565433.8152
2022-01-25 01:50:01,686166989562.5
2022-01-25 19:17:56,698577657925
2022-01-26 14:33:58,718205767475
2022-01-27 09:53:17,690500990312.5
2022-01-28 03:22:24,707800108950
2022-01-28 20:32:08,717921223750
2022-01-29 14:43:26,713781292074.9125
2022-01-30 06:03:52,722442425250
2022-01-30 23:50:24,704697743487.5
2022-01-31 17:39:44,727977335369.1062
2022-02-01 11:00:31,728966788884.172
2022-02-02 03:19:30,728549524168.75
2022-02-02 19:34:37,711347607591.7804
2022-02-03 13:40:18,693319635881.25
2022-02-04 06:11:52,720648876600
2022-02-05 03:30:51,789459487300
2022-02-06 00:06:57,786777265187.5
2022-02-06 16:42:49,791220232200
2022-02-07 10:32:20,810274834950
2022-02-08 04:21:57,841194594800
2022-02-08 19:49:53,835879681750
2022-02-09 16:43:01,838335177900
2022-02-10 08:33:04,842629086600
2022-02-11 02:22:08,818586371987.5
2022-02-11 20:56:00,807280084806.25
2022-02-12 11:26:29,803687743412.5
2022-02-13 00:30:35,804853219462.5
2022-02-13 17:18:27,803611220931.25
2022-02-14 07:24:58,804245953968.75
2022-02-15 01:06:39,824502718687.5
2022-02-15 14:36:24,839111083518.75
2022-02-16 06:30:49,834476301993.75
2022-02-16 23:49:32,833557713812.5
2022-02-17 14:25:47,798148543400
2022-02-18 10:49:05,764367608137.5
2022-02-19 04:15:53,762498071675
2022-02-19 21:21:57,758276979862.5
2022-02-20 15:46:28,726639856137.355
2022-02-21 11:07:28,714256667987.5
2022-02-22 04:48:51,701006298243.75
2022-02-22 22:17:40,722158862750
2022-02-23 15:00:04,731450600672.956
2022-02-24 10:21:25,665436286836.6722
2022-02-25 05:35:55,732723941062.5
2022-02-26 01:13:14,753843146350
2022-02-26 20:13:53,747059573012.5
2022-02-27 17:20:35,740273249616.8916
2022-02-28 09:55:19,728360858845.6051
2022-03-01 02:42:02,817122142400
2022-03-01 17:04:00,828449006570.5662
2022-03-02 10:04:44,838048852800
2022-03-03 04:52:00,822899666750
2022-03-03 22:06:03,806780049329.1577
2022-03-04 16:13:21,774079112450
2022-03-05 11:32:01,745188409050
2022-03-06 09:19:16,727927546968.75
2022-03-07 03:06:58,719180444670.4746
2022-03-07 20:09:13,713646613820.9858
2022-03-08 14:56:55,730125375584.8181
2022-03-09 06:44:07,791929371200
2022-03-10 01:09:46,777381120000
2022-03-10 19:26:32,749234742767.2124
2022-03-11 13:13:02,745375145946.5121
2022-03-12 07:02:20,742404830825
2022-03-12 23:12:25,736755218625
2022-03-13 15:41:27,739344037012.5
2022-03-14 08:30:19,740983397850
2022-03-15 01:31:11,739167840187.5
2022-03-15 20:29:09,749426200600
2022-03-16 13:36:50,777641404016.5432
2022-03-17 05:49:46,777064947881.25
2022-03-17 21:56:14,776959158937.5
2022-03-18 14:09:54,770663596681.25
2022-03-19 08:25:52,792106851664.9208
2022-03-20 00:43:53,795630067706.25
2022-03-20 16:53:48,781226191868.75
2022-03-21 09:24:25,786038841156.25
2022-03-22 02:22:52,799454438737.5
2022-03-22 18:59:41,808711945550
2022-03-23 14:21:34,806309227050
2022-03-24 05:59:54,820828483818.75
2022-03-25 00:06:32,835273889699.6504
2022-03-25 17:10:06,842310565043.75
2022-03-26 07:38:28,844866186000
2022-03-27 00:34:44,847631206600
2022-03-27 21:01:56,875261701106.25
2022-03-28 15:08:52,904470534318.75
2022-03-29 06:17:20,904325748707.6534
2022-03-29 23:04:43,899261893757.2896
2022-03-30 16:53:23,898637701406.25
2022-03-31 10:47:59,897907475142.994
2022-04-01 04:34:44,849377397406.25
2022-04-02 01:04:16,891511610018.75
2022-04-02 20:06:27,876893265625
2022-04-03 14:32:06,881102139064.6658
2022-04-04 07:58:25,877144437000
2022-04-04 23:18:34,887455600425
2022-04-05 16:09:30,870041532656.25
2022-04-06 10:26:38,859011669262.5
2022-04-07 03:12:09,824433646500
2022-04-07 22:43:51,827246359590.0366
2022-04-08 17:37:40,814874498425
2022-04-09 12:21:04,806881980100
2022-04-10 04:12:15,813505737412.5
2022-04-10 22:16:00,809960540750
2022-04-11 16:18:33,773850030999.2296
2022-04-12 09:13:12,764508077775
2022-04-13 02:44:15,756284278462.5
2022-04-13 21:45:24,783230069100
2022-04-14 14:42:32,769892235000
2022-04-15 08:32:52,762960589250
2022-04-16 01:11:27,771600013412.5
2022-04-16 20:37:15,765162292650
2022-04-17 12:25:59,769124895625
2022-04-18 04:19:28,754320091250
2022-04-18 22:49:37,776005069837.5
2022-04-19 20:15:09,785217446550
2022-04-20 13:21:51,799127121250
2022-04-21 05:19:46,792517840237.5
2022-04-21 19:56:02,788532608400
2022-04-22 12:22:48,770891553712.5
2022-04-23 05:10:02,752158608780.5945
2022-04-23 21:12:18,757440926812.5
2022-04-24 12:50:00,753606077000
2022-04-25 04:50:38,745034601600
2022-04-25 20:56:33,764463168900
2022-04-26 13:23:40,766779528664.6595
2022-04-27 07:19:40,736349412360.9143
2022-04-27 21:15:58,745329128150
2022-04-28 16:57:30,763390629525
2022-04-29 09:20:54,746579645500