Timestamp,mempool-size
2019-05-01 11:00:00,1662406
2019-05-02 04:30:00,2231539
2019-05-02 22:00:00,2062074
2019-05-03 15:30:00,11009318.5
2019-05-04 09:00:00,2422258.5
2019-05-05 02:30:00,7310286
2019-05-05 20:00:00,9369926.5
2019-05-06 13:30:00,8314922
2019-05-07 07:00:00,5313346
2019-05-08 00:30:00,14141961
2019-05-08 18:00:00,17165463
2019-05-09 11:30:00,9924621
2019-05-10 05:00:00,11840145.5
2019-05-10 22:30:00,28328459.5
2019-05-11 16:00:00,24298308
2019-05-12 09:30:00,15313738.5
2019-05-13 03:00:00,5317259
2019-05-13 20:30:00,6033842.5
2019-05-14 14:00:00,15606019
2019-05-15 07:30:00,19596738
2019-05-16 01:00:00,34565496.5
2019-05-16 18:30:00,47262615
2019-05-17 12:00:00,37133960
2019-05-18 05:30:00,30459070.5
2019-05-18 23:00:00,14264133
2019-05-19 16:30:00,5520158.5
2019-05-20 10:00:00,2564199.5
2019-05-21 03:30:00,12498577
2019-05-21 21:00:00,11976661
2019-05-22 14:30:00,14588004
2019-05-23 08:00:00,6955247.5
2019-05-24 01:30:00,3150841
2019-05-24 19:00:00,15238618.5
2019-05-25 12:30:00,4781287
2019-05-26 06:00:00,2131217.5
2019-05-26 23:30:00,569740
2019-05-27 17:00:00,13300762.5
2019-05-28 10:30:00,3434513.5
2019-05-29 04:00:00,5069408
2019-05-29 21:30:00,6381315
2019-05-30 15:00:00,20113399
2019-05-31 08:30:00,17078535.5
2019-06-01 02:00:00,28491403
2019-06-01 19:30:00,15162563
2019-06-02 13:00:00,632046.5
2019-06-03 06:30:00,8951697
2019-06-04 00:00:00,16048805
2019-06-04 17:30:00,19302161
2019-06-05 11:00:00,4810172
2019-06-06 04:30:00,777995.5
2019-06-06 22:00:00,3776275.5
2019-06-07 15:30:00,15242932.5
2019-06-08 09:00:00,3816069.5
2019-06-09 02:30:00,545697.5
2019-06-09 20:00:00,2972914.5
2019-06-10 13:30:00,9657702
2019-06-11 07:00:00,6771025
2019-06-12 00:30:00,3587125.5
2019-06-12 18:00:00,11729221.5
2019-06-13 11:30:00,8912156
2019-06-14 05:00:00,12990130.5
2019-06-14 22:30:00,20430489
2019-06-15 16:00:00,7189282
2019-06-16 09:30:00,3612787
2019-06-17 03:00:00,7658902.5
2019-06-17 20:30:00,24986085.5
2019-06-18 14:00:00,17578215
2019-06-19 07:30:00,6403652
2019-06-20 01:00:00,417652.5
2019-06-20 18:30:00,25336983
2019-06-21 12:00:00,21091728.5
2019-06-22 05:30:00,22341837.5
2019-06-22 23:00:00,27858433.5
2019-06-23 16:30:00,1684908
2019-06-24 10:00:00,2392024.5
2019-06-25 03:30:00,5204685.5
2019-06-25 21:00:00,20285104.5
2019-06-26 14:30:00,31035662.5
2019-06-27 08:00:00,42061009.5
2019-06-28 01:30:00,39079536
2019-06-28 19:00:00,42514452.5
2019-06-29 12:30:00,793133
2019-06-30 06:00:00,2083078
2019-06-30 23:30:00,410787.5
2019-07-01 17:00:00,17217155
2019-07-02 10:30:00,12341430
2019-07-03 04:00:00,4049751
2019-07-03 21:30:00,3045617
2019-07-04 15:00:00,15629881
2019-07-05 08:30:00,2748988
2019-07-06 02:00:00,1392268.5
2019-07-06 19:30:00,838815.5
2019-07-07 13:00:00,625019.5
2019-07-08 06:30:00,356803.5
2019-07-09 00:00:00,1238145
2019-07-09 17:30:00,15678014
2019-07-10 11:00:00,18743351
2019-07-11 04:30:00,20321351.5
2019-07-11 22:15:00,27795454
2019-07-12 15:45:00,16367682
2019-07-13 09:15:00,2609872
2019-07-14 02:45:00,888798
2019-07-14 20:15:00,841521.5
2019-07-15 13:45:00,11711867
2019-07-16 07:15:00,1476338.5
2019-07-17 00:45:00,1777972
2019-07-17 18:15:00,32311189.5
2019-07-18 11:45:00,35368798
2019-07-19 05:15:00,38258511
2019-07-19 23:15:00,38421186
2019-07-20 16:45:00,515427
2019-07-21 10:15:00,1337808
2019-07-22 03:45:00,236688.5
2019-07-22 21:15:00,6120429.5
2019-07-23 14:45:00,7729124.5
2019-07-24 08:15:00,2947944
2019-07-25 01:45:00,9021519.5
2019-07-25 19:15:00,1401643
2019-07-26 12:45:00,1966855.5
2019-07-27 06:15:00,1021764
2019-07-27 23:45:00,694605.5
2019-07-28 17:15:00,272913.5
2019-07-29 10:45:00,1070543.5
2019-07-30 04:15:00,1416534
2019-07-30 21:45:00,4829885
2019-07-31 15:15:00,6122381.5
2019-08-01 08:45:00,1517160
2019-08-02 02:15:00,1637121
2019-08-02 19:45:00,536251.5
2019-08-03 13:15:00,4954720
2019-08-04 06:45:00,2027069
2019-08-05 00:15:00,373916.5
2019-08-05 17:45:00,11804465.5
2019-08-06 11:15:00,3688992.5
2019-08-07 04:45:00,379107
2019-08-07 22:15:00,14290871
2019-08-08 15:45:00,13761061
2019-08-09 09:15:00,1888335.5
2019-08-10 02:45:00,1820728
2019-08-10 20:15:00,719433.5
2019-08-11 13:45:00,4244839.5
2019-08-12 07:15:00,277457
2019-08-13 00:45:00,17173982
2019-08-13 18:15:00,10493386
2019-08-14 11:45:00,1641971
2019-08-15 05:15:00,1224425
2019-08-15 22:45:00,1536717
2019-08-16 16:15:00,11009955
2019-08-17 09:45:00,3106683
2019-08-18 03:15:00,1375409
2019-08-18 20:45:00,2838415.5
2019-08-19 14:15:00,5950163.5
2019-08-20 07:45:00,3282633
2019-08-21 01:15:00,659473
2019-08-21 18:45:00,4939650.5
2019-08-22 12:15:00,3042634
2019-08-23 05:45:00,1962952.5
2019-08-23 23:15:00,578380.5
2019-08-24 16:45:00,5581527.5
2019-08-25 10:15:00,1620104.5
2019-08-26 03:45:00,1533278
2019-08-26 21:15:00,6255060
2019-08-27 14:45:00,5117240.5
2019-08-28 08:15:00,477257.5
2019-08-29 01:45:00,1473110.5
2019-08-29 19:15:00,5694317
2019-08-30 12:45:00,4023870
2019-08-31 06:15:00,739506.5
2019-08-31 23:45:00,253699.5
2019-09-01 17:15:00,339087.5
2019-09-02 10:45:00,697522
2019-09-03 04:15:00,414746
2019-09-03 21:45:00,2093280
2019-09-04 15:15:00,11613589
2019-09-05 08:45:00,4646463
2019-09-06 02:15:00,577587.5
2019-09-06 19:45:00,850979
2019-09-07 13:15:00,4094412.5
2019-09-08 06:45:00,600275.5
2019-09-09 00:15:00,223647
2019-09-09 17:45:00,8133963
2019-09-10 11:15:00,3313912.5
2019-09-11 04:45:00,346275.5
2019-09-11 22:15:00,331135
2019-09-12 15:45:00,2279089.5
2019-09-13 09:15:00,1265095
2019-09-14 02:45:00,659972
2019-09-14 20:15:00,1022732.5
2019-09-15 13:45:00,10824204.5
2019-09-16 07:15:00,574351
2019-09-17 00:45:00,2741186.5
2019-09-17 18:15:00,6035910
2019-09-18 11:45:00,3319823
2019-09-19 05:15:00,731363
2019-09-19 22:45:00,1431698.5
2019-09-20 16:15:00,9121676
2019-09-21 09:45:00,235375
2019-09-22 03:15:00,1890625.5
2019-09-22 20:45:00,293773.5
2019-09-23 14:15:00,12293943
2019-09-24 07:45:00,1464458
2019-09-25 01:15:00,3115147
2019-09-25 18:45:00,1965129.5
2019-09-26 12:15:00,1651625
2019-09-27 05:45:00,876212.5
2019-09-27 23:15:00,7873727
2019-09-28 16:45:00,735603
2019-09-29 10:15:00,1513592
2019-09-30 03:45:00,434641
2019-09-30 21:15:00,9047201.5
2019-10-01 14:45:00,8082168
2019-10-02 08:15:00,1568913.5
2019-10-03 01:45:00,394605.5
2019-10-03 19:15:00,1774764
2019-10-04 12:45:00,1783605
2019-10-05 06:15:00,488820.5
2019-10-05 23:45:00,1034778.5
2019-10-06 17:15:00,714959.5
2019-10-07 10:45:00,826874
2019-10-08 04:15:00,163815
2019-10-08 21:45:00,1051406
2019-10-09 15:15:00,11556535
2019-10-10 08:45:00,1257234
2019-10-11 02:15:00,833750.5
2019-10-11 19:45:00,5796356
2019-10-12 13:15:00,3747531.5
2019-10-13 06:45:00,1348422.5
2019-10-14 00:15:00,2960310.5
2019-10-14 17:45:00,7574268
2019-10-15 11:15:00,3773384.5
2019-10-16 04:45:00,1701198
2019-10-16 22:15:00,280743.5
2019-10-17 15:45:00,9637385
2019-10-18 09:15:00,292119
2019-10-19 02:45:00,3078823.5
2019-10-19 20:15:00,314806
2019-10-20 13:45:00,615438
2019-10-21 07:15:00,767407
2019-10-22 00:45:00,744542.5
2019-10-22 18:15:00,2872463
2019-10-23 11:45:00,1425834.5
2019-10-24 05:15:00,191774
2019-10-24 22:45:00,8177799.5
2019-10-25 16:15:00,11735846
2019-10-26 09:45:00,1975445.5
2019-10-27 02:15:00,3699226
2019-10-27 19:45:00,5252396.5
2019-10-28 13:15:00,7080087.5
2019-10-29 06:45:00,1675432.5
2019-10-30 00:15:00,1490193
2019-10-30 17:45:00,2444874.5
2019-10-31 11:15:00,3998605
2019-11-01 04:45:00,3892512.5
2019-11-01 22:15:00,3178847
2019-11-02 15:45:00,1263026.5
2019-11-03 09:15:00,1049679
2019-11-04 02:45:00,3110338.5
2019-11-04 20:15:00,6203981.5
2019-11-05 13:45:00,7406929.5
2019-11-06 07:15:00,3300849.5
2019-11-07 00:45:00,2782627.5
2019-11-07 18:15:00,12249392.5
2019-11-08 11:45:00,2964331.5
2019-11-09 05:15:00,1160648
2019-11-09 22:45:00,1035625
2019-11-10 16:15:00,1803528
2019-11-11 09:45:00,1585373.5
2019-11-12 03:15:00,788127
2019-11-12 20:45:00,13106693.5
2019-11-13 14:15:00,8015950
2019-11-14 07:45:00,418599
2019-11-15 01:15:00,934944.5
2019-11-15 18:45:00,87354134
2019-11-16 12:15:00,58246421
2019-11-17 05:45:00,31143416.5
2019-11-17 23:15:00,235572.5
2019-11-18 16:45:00,6758251.5
2019-11-19 10:15:00,435995.5
2019-11-20 03:45:00,310710.5
2019-11-20 21:15:00,643398.5
2019-11-21 14:45:00,9128352
2019-11-22 08:15:00,7920598
2019-11-23 01:45:00,615444.5
2019-11-23 19:15:00,271797
2019-11-24 12:45:00,5928451
2019-11-25 06:15:00,1204870.5
2019-11-25 23:45:00,18079283.5
2019-11-26 17:15:00,17496715
2019-11-27 10:45:00,853474.5
2019-11-28 04:15:00,377585.5
2019-11-28 21:45:00,212848.5
2019-11-29 15:15:00,10160956.5
2019-11-30 08:45:00,2169565
2019-12-01 02:15:00,569065.5
2019-12-01 19:45:00,1484349.5
2019-12-02 13:15:00,2658417.5
2019-12-03 06:45:00,1515779
2019-12-04 00:15:00,273266.5
2019-12-04 17:45:00,2712069
2019-12-05 11:15:00,1899185
2019-12-06 04:45:00,475333
2019-12-06 22:15:00,602414.5
2019-12-07 15:45:00,201204.5
2019-12-08 09:15:00,1977207
2019-12-09 02:45:00,517696
2019-12-09 20:15:00,6505605
2019-12-10 13:45:00,7757127
2019-12-11 07:15:00,295930
2019-12-12 00:45:00,832537
2019-12-12 18:15:00,3265040.5
2019-12-13 11:45:00,1058698.5
2019-12-14 05:15:00,2163638
2019-12-14 22:45:00,763647.5
2019-12-15 16:15:00,1068832
2019-12-16 09:45:00,7880014
2019-12-17 03:15:00,542757.5
2019-12-17 20:45:00,11566073.5
2019-12-18 14:15:00,5468270.5
2019-12-19 07:45:00,1282977
2019-12-20 01:15:00,400559
2019-12-20 18:45:00,1837592.5
2019-12-21 12:15:00,3439286
2019-12-22 05:45:00,244151
2019-12-22 23:15:00,203921
2019-12-23 16:45:00,3817389
2019-12-24 10:15:00,2364012.5
2019-12-25 03:45:00,1185980
2019-12-25 21:15:00,1710693.5
2019-12-26 14:45:00,221062.5
2019-12-27 08:15:00,1516634
2019-12-28 01:45:00,1401960
2019-12-28 19:15:00,3116872
2019-12-29 12:45:00,1175678.5
2019-12-30 06:15:00,598686.5
2019-12-30 23:45:00,3158475
2019-12-31 17:15:00,3055454
2020-01-01 10:45:00,1300983.5
2020-01-02 04:15:00,276471.5
2020-01-02 21:45:00,365636
2020-01-03 15:15:00,2725840
2020-01-04 08:45:00,562177.5
2020-01-05 02:15:00,2741183.5
2020-01-05 19:45:00,1150290.5
2020-01-06 13:15:00,10927930
2020-01-07 06:45:00,1824946.5
2020-01-08 00:15:00,657615
2020-01-08 17:45:00,13811396
2020-01-09 11:15:00,2955584.5
2020-01-10 04:45:00,1479643.5
2020-01-10 22:15:00,598286
2020-01-11 15:45:00,509535
2020-01-12 09:15:00,607117
2020-01-13 02:45:00,889982
2020-01-13 20:15:00,11018194
2020-01-14 13:45:00,11041398.5
2020-01-15 07:15:00,403202.5
2020-01-16 00:45:00,2174515
2020-01-16 18:15:00,1161351
2020-01-17 11:45:00,3885936
2020-01-18 05:15:00,408137.5
2020-01-18 22:45:00,3882928.5
2020-01-19 16:15:00,2157639.5
2020-01-20 09:45:00,1637172.5
2020-01-21 03:15:00,1064093
2020-01-21 20:45:00,7291880
2020-01-22 14:15:00,1230617.5
2020-01-23 07:45:00,1019521
2020-01-24 01:15:00,528063
2020-01-24 18:45:00,12491487.5
2020-01-25 12:15:00,4510451.5
2020-01-26 05:45:00,134973.5
2020-01-26 23:15:00,273714
2020-01-27 16:45:00,13275889
2020-01-28 10:15:00,2433698
2020-01-29 03:45:00,3552542
2020-01-29 21:15:00,470008
2020-01-30 14:45:00,8558463
2020-01-31 08:15:00,1443044.5
2020-02-01 01:45:00,1109158
2020-02-01 19:15:00,12764396
2020-02-02 12:45:00,5470702
2020-02-03 06:15:00,1588682
2020-02-03 23:45:00,2289129.5
2020-02-04 17:15:00,10340542.5
2020-02-05 10:45:00,2593808
2020-02-06 04:15:00,309138
2020-02-06 21:45:00,26990871.5
2020-02-07 15:15:00,16746638
2020-02-08 08:45:00,561036.5
2020-02-09 02:15:00,768665.5
2020-02-09 19:45:00,365941.5
2020-02-10 13:15:00,12442043.5
2020-02-11 06:45:00,665353.5
2020-02-12 00:15:00,246268.5
2020-02-12 18:00:00,20430641
2020-02-13 11:45:00,5208380
2020-02-14 05:15:00,1991941
2020-02-14 22:45:00,13462180
2020-02-15 16:15:00,3314671
2020-02-16 09:45:00,650629
2020-02-17 03:15:00,405269
2020-02-17 20:45:00,250568.5
2020-02-18 14:15:00,5592464
2020-02-19 07:45:00,2375294
2020-02-20 01:15:00,2971729.5
2020-02-20 18:45:00,10840699
2020-02-21 12:15:00,589069
2020-02-22 05:45:00,501128.5
2020-02-22 23:15:00,136876.5
2020-02-23 16:45:00,686600.5
2020-02-24 10:15:00,6504364
2020-02-25 03:45:00,1194635.5
2020-02-25 21:15:00,1618410
2020-02-26 14:45:00,8109010
2020-02-27 08:15:00,499784.5
2020-02-28 01:45:00,859658.5
2020-02-28 19:15:00,2757142.5
2020-02-29 12:45:00,2654384
2020-03-01 06:15:00,306970
2020-03-01 23:45:00,698843
2020-03-02 17:15:00,10217787
2020-03-03 10:45:00,426037
2020-03-04 04:15:00,15536267
2020-03-04 21:45:00,6624024
2020-03-05 15:15:00,2960827
2020-03-06 08:45:00,6384334.5
2020-03-07 02:15:00,1019679
2020-03-07 19:45:00,472383.5
2020-03-08 13:15:00,1887446.5
2020-03-09 06:45:00,1003098.5
2020-03-10 00:15:00,5559887.5
2020-03-10 17:45:00,10582980
2020-03-11 11:15:00,3826491.5
2020-03-12 04:45:00,2943780
2020-03-12 22:15:00,14939284
2020-03-13 16:45:00,36138075
2020-03-14 11:15:00,2647579
2020-03-15 04:45:00,1117786
2020-03-15 22:15:00,4349025.5
2020-03-16 15:45:00,15519485.5
2020-03-17 09:15:00,9837190
2020-03-18 02:45:00,3304626.5
2020-03-18 20:15:00,15538861
2020-03-19 13:45:00,6631789.5
2020-03-20 07:15:00,15430404
2020-03-21 00:45:00,11252680
2020-03-21 18:15:00,4967514.5
2020-03-22 11:45:00,881198
2020-03-23 05:15:00,1127927
2020-03-23 22:45:00,3808516.5
2020-03-24 16:15:00,7603311.5
2020-03-25 09:45:00,6178833
2020-03-26 03:45:00,399102
2020-03-26 21:15:00,15175031
2020-03-27 14:45:00,8912866
2020-03-28 08:15:00,1284550
2020-03-29 02:45:00,571182.5
2020-03-29 20:15:00,3336453
2020-03-30 13:45:00,7706544.5
2020-03-31 07:15:00,690533.5
2020-04-01 00:45:00,343967.5
2020-04-01 18:15:00,6562528.5
2020-04-02 11:45:00,501203
2020-04-03 05:15:00,191114.5
2020-04-03 22:45:00,14564529.5
2020-04-04 16:15:00,484517.5
2020-04-05 09:45:00,646075
2020-04-06 03:15:00,446775
2020-04-06 20:45:00,17944539
2020-04-07 14:15:00,9994101
2020-04-08 07:45:00,2347474.5
2020-04-09 01:15:00,580209
2020-04-09 18:45:00,11267846.5
2020-04-10 12:15:00,1857555
2020-04-11 05:45:00,453465.5
2020-04-11 23:15:00,675024.5
2020-04-12 16:45:00,918659
2020-04-13 10:15:00,362157.5
2020-04-14 03:45:00,368504
2020-04-14 21:15:00,9549870
2020-04-15 14:45:00,10551970
2020-04-16 08:15:00,1442934.5
2020-04-17 01:45:00,5225841.5
2020-04-17 19:15:00,18645693.5
2020-04-18 12:45:00,1558484.5
2020-04-19 06:15:00,283343
2020-04-19 23:45:00,994550
2020-04-20 17:15:00,4555107
2020-04-21 10:45:00,3639336.5
2020-04-22 04:15:00,392187
2020-04-22 21:45:00,39801476
2020-04-23 15:15:00,22974807.5
2020-04-24 08:45:00,21261852
2020-04-25 02:15:00,17831259.5
2020-04-25 19:45:00,18353893.5
2020-04-26 13:15:00,2491005.5
2020-04-27 06:45:00,1090812
2020-04-28 00:15:00,6163874.5
2020-04-28 17:45:00,1828167
2020-04-29 11:15:00,3675025.5
2020-04-30 04:45:00,38338543
2020-04-30 22:15:00,71851739.5
2020-05-01 15:45:00,67099100
2020-05-02 09:15:00,33892330.5
2020-05-03 02:45:00,12679424.5
2020-05-03 20:15:00,5008058
2020-05-04 13:45:00,5803465
2020-05-05 07:15:00,2350931.5
2020-05-06 00:45:00,5821445
2020-05-06 18:15:00,7170067
2020-05-07 11:45:00,21489258.5
2020-05-08 05:15:00,26934718
2020-05-08 22:45:00,54392974.5
2020-05-09 16:15:00,60050220.5
2020-05-10 09:45:00,29034778
2020-05-11 03:15:00,3420853.5
2020-05-11 20:45:00,24920756.5
2020-05-12 14:15:00,11214939
2020-05-13 07:45:00,22808765
2020-05-14 01:15:00,40164216
2020-05-14 18:45:00,71591306.5
2020-05-15 12:15:00,70762655
2020-05-16 05:45:00,55997939
2020-05-16 23:15:00,54913608.5
2020-05-17 16:45:00,62135509.5
2020-05-18 10:15:00,58961545
2020-05-19 03:45:00,75140851.5
2020-05-19 21:15:00,82778731
2020-05-20 14:45:00,93001975.5
2020-05-21 08:15:00,67250543.5
2020-05-22 01:45:00,80163786
2020-05-22 19:15:00,90449758
2020-05-23 12:45:00,83252507
2020-05-24 06:15:00,71821293
2020-05-24 23:45:00,68811137.5
2020-05-25 17:15:00,59308460
2020-05-26 10:45:00,57104842.5
2020-05-27 04:15:00,48625677.5
2020-05-27 21:45:00,39832876
2020-05-28 15:15:00,45897469
2020-05-29 08:45:00,28312600
2020-05-30 02:15:00,24346212.5
2020-05-30 19:45:00,5063508
2020-05-31 13:15:00,1373797.5
2020-06-01 06:45:00,2130637.5
2020-06-02 00:15:00,1526700.5
2020-06-02 17:45:00,21119501.5
2020-06-03 11:15:00,14271612
2020-06-04 04:45:00,4773427.5
2020-06-04 22:15:00,6182349.5
2020-06-05 15:45:00,2670541.5
2020-06-06 09:15:00,492684
2020-06-07 02:45:00,225999
2020-06-07 20:15:00,2250509.5
2020-06-08 13:45:00,11924241
2020-06-09 07:15:00,650889
2020-06-10 00:45:00,411495.5
2020-06-10 18:15:00,3637877
2020-06-11 11:45:00,15240861.5
2020-06-12 05:15:00,739804
2020-06-12 22:45:00,15463609.5
2020-06-13 16:15:00,5135148.5
2020-06-14 09:45:00,1220443.5
2020-06-15 03:15:00,778138.5
2020-06-15 20:45:00,16062646.5
2020-06-16 14:15:00,11687072.5
2020-06-17 07:45:00,8271419
2020-06-18 01:15:00,2869136.5
2020-06-18 18:45:00,18411207
2020-06-19 12:15:00,7013353
2020-06-20 05:45:00,519118.5
2020-06-20 23:15:00,543858
2020-06-21 16:45:00,728131.5
2020-06-22 10:15:00,9913311
2020-06-23 03:45:00,27058294
2020-06-23 21:15:00,23456421.5
2020-06-24 14:45:00,18152716.5
2020-06-25 08:15:00,7726598.5
2020-06-26 01:45:00,15454084.5
2020-06-26 19:15:00,1795584
2020-06-27 12:45:00,4928726.5
2020-06-28 06:15:00,522410
2020-06-28 23:45:00,899825
2020-06-29 17:15:00,13084294.5
2020-06-30 10:45:00,4313066
2020-07-01 04:15:00,17404007
2020-07-01 21:45:00,9674397.5
2020-07-02 15:15:00,13531854.5
2020-07-03 08:45:00,717348.5
2020-07-04 02:15:00,632749.5
2020-07-04 19:45:00,5379050
2020-07-05 13:15:00,1554765
2020-07-06 06:45:00,1631189.5
2020-07-07 00:15:00,4011078.5
2020-07-07 17:45:00,10218045
2020-07-08 11:15:00,4508236.5
2020-07-09 04:45:00,4838988.5
2020-07-09 22:15:00,8918784.5
2020-07-10 15:45:00,15238047
2020-07-11 09:15:00,642465.5
2020-07-12 02:45:00,1096271
2020-07-12 20:15:00,1559439.5
2020-07-13 13:45:00,20697168
2020-07-14 07:15:00,22963609
2020-07-15 00:45:00,14707882
2020-07-15 18:15:00,29557175.5
2020-07-16 11:45:00,20785714
2020-07-17 05:15:00,24856926
2020-07-17 22:45:00,52819465.5
2020-07-18 16:15:00,39972680.5
2020-07-19 09:45:00,28725975.5
2020-07-20 03:15:00,25145791.5
2020-07-20 20:45:00,47213575
2020-07-21 14:15:00,52467786.5
2020-07-22 07:45:00,50977153.5
2020-07-23 01:15:00,66267243.5
2020-07-23 18:45:00,78593443.5
2020-07-24 12:15:00,69166444
2020-07-25 05:45:00,48902538
2020-07-25 23:15:00,50686758
2020-07-26 16:45:00,38600779
2020-07-27 10:15:00,30409112.5
2020-07-28 03:45:00,46123653.5
2020-07-28 21:15:00,63131066
2020-07-29 14:45:00,50581848
2020-07-30 08:15:00,48342561.5
2020-07-31 01:45:00,66336268.5
2020-07-31 19:15:00,67971246.5
2020-08-01 12:45:00,62951811
2020-08-02 06:15:00,52496958
2020-08-02 23:45:00,47251483.5
2020-08-03 17:15:00,38050779
2020-08-04 10:45:00,29666090
2020-08-05 04:15:00,31266045
2020-08-05 21:45:00,50529644
2020-08-06 15:15:00,48871713.5
2020-08-07 08:45:00,42434852
2020-08-08 02:15:00,37839449
2020-08-08 19:45:00,34729202.5
2020-08-09 13:15:00,5578804
2020-08-10 06:45:00,3223749.5
2020-08-11 00:15:00,14289554
2020-08-11 17:45:00,18699263
2020-08-12 11:15:00,6515401
2020-08-13 04:45:00,579253
2020-08-13 22:15:00,11661313
2020-08-14 15:45:00,16462786.5
2020-08-15 09:15:00,2983612
2020-08-16 02:45:00,281202
2020-08-16 20:15:00,4113203
2020-08-17 13:45:00,11535257.5
2020-08-18 07:15:00,24109140.5
2020-08-19 00:45:00,29829401.5
2020-08-19 18:15:00,38583866
2020-08-20 11:45:00,19973709
2020-08-21 05:15:00,14157680
2020-08-21 22:45:00,35816091.5
2020-08-22 16:15:00,24359660
2020-08-23 09:45:00,571234.5
2020-08-24 03:15:00,1945567
2020-08-24 20:45:00,32392770.5
2020-08-25 14:15:00,29865390.5
2020-08-26 07:45:00,30513779.5
2020-08-27 01:15:00,37403429.5
2020-08-27 18:45:00,56097199.5
2020-08-28 12:15:00,39852533.5
2020-08-29 05:45:00,25260114.5
2020-08-29 23:15:00,22301283.5
2020-08-30 16:45:00,16199838
2020-08-31 10:15:00,1634166
2020-09-01 03:45:00,17946015.5
2020-09-01 21:15:00,22677197.5
2020-09-02 14:45:00,25897312.5
2020-09-03 08:15:00,27445310
2020-09-04 01:45:00,50967792.5
2020-09-04 19:15:00,65739485
2020-09-05 12:45:00,45740376.5
2020-09-06 06:15:00,29851933.5
2020-09-06 23:45:00,11694472
2020-09-07 17:15:00,2523288.5
2020-09-08 10:45:00,4550933.5
2020-09-09 04:15:00,731935.5
2020-09-09 21:45:00,12760105
2020-09-10 15:15:00,21331671
2020-09-11 08:45:00,14419543.5
2020-09-12 02:15:00,5035548
2020-09-12 19:45:00,720647
2020-09-13 13:15:00,3406810
2020-09-14 06:45:00,478013
2020-09-15 00:15:00,1976021
2020-09-15 17:45:00,20254880
2020-09-16 11:15:00,5647375.5
2020-09-17 04:45:00,254532.5
2020-09-17 22:15:00,2534544
2020-09-18 15:45:00,12732897
2020-09-19 09:15:00,3031333
2020-09-20 02:45:00,676760.5
2020-09-20 20:15:00,1181098.5
2020-09-21 13:45:00,19980611.5
2020-09-22 07:15:00,14654504
2020-09-23 00:45:00,37127935.5
2020-09-23 18:15:00,42936722
2020-09-24 11:45:00,25218344
2020-09-25 05:15:00,24190083.5
2020-09-25 22:45:00,21518322.5
2020-09-26 16:15:00,13583144.5
2020-09-27 09:45:00,1297025
2020-09-28 03:15:00,5858694
2020-09-28 20:45:00,25159723
2020-09-29 14:15:00,13677699
2020-09-30 07:45:00,11286814
2020-10-01 01:15:00,13278812.5
2020-10-01 18:45:00,47982448
2020-10-02 12:15:00,50699551
2020-10-03 05:45:00,34726024
2020-10-03 23:15:00,24617882.5
2020-10-04 16:45:00,1947459.5
2020-10-05 10:15:00,3729260.5
2020-10-06 03:45:00,12399895.5
2020-10-06 21:15:00,27213507
2020-10-07 14:45:00,14363253
2020-10-08 08:15:00,1493609
2020-10-09 01:45:00,7117267.5
2020-10-09 19:15:00,30599489.5
2020-10-10 12:45:00,10132637
2020-10-11 06:15:00,287360
2020-10-11 23:45:00,466027
2020-10-12 17:15:00,26836298.5
2020-10-13 10:45:00,12477999.5
2020-10-14 04:15:00,554376.5
2020-10-14 21:45:00,8747069.5
2020-10-15 15:15:00,12029000.5
2020-10-16 08:45:00,4584853.5
2020-10-17 02:15:00,252175.5
2020-10-17 19:45:00,7145333
2020-10-18 13:15:00,10954307.5
2020-10-19 06:45:00,2794409
2020-10-20 00:15:00,17747968
2020-10-20 17:45:00,24423770
2020-10-21 11:15:00,12115600
2020-10-22 04:45:00,34019453.5
2020-10-22 22:15:00,39951008.5
2020-10-23 15:45:00,50801384
2020-10-24 09:15:00,30693637
2020-10-25 01:45:00,20019279.5
2020-10-25 19:15:00,23695186
2020-10-26 12:45:00,22461369.5
2020-10-27 06:15:00,44648239
2020-10-27 23:45:00,64752398
2020-10-28 17:15:00,70466971
2020-10-29 10:45:00,58020157
2020-10-30 04:15:00,62040406
2020-10-30 21:45:00,71390368
2020-10-31 15:15:00,70019385
2020-11-01 08:45:00,44540553.5
2020-11-02 02:15:00,58005019.5
2020-11-02 19:45:00,77839108.5
2020-11-03 13:15:00,69069861.5
2020-11-04 06:45:00,57038407
2020-11-05 00:15:00,59222304
2020-11-05 17:45:00,81159951
2020-11-06 11:15:00,76388884.5
2020-11-07 04:45:00,59027340.5
2020-11-07 22:15:00,57377100
2020-11-08 15:45:00,28383328
2020-11-09 09:15:00,14745680
2020-11-10 02:45:00,1889182
2020-11-10 20:15:00,12639225
2020-11-11 13:45:00,8828569
2020-11-12 07:15:00,1137755
2020-11-13 00:45:00,1020396.5
2020-11-13 18:15:00,10576930
2020-11-14 11:45:00,3566938
2020-11-15 05:15:00,601713
2020-11-15 22:45:00,11577294
2020-11-16 16:15:00,18690665.5
2020-11-17 09:45:00,5091957.5
2020-11-18 03:15:00,3799979
2020-11-18 20:45:00,9581546.5
2020-11-19 14:15:00,20848831
2020-11-20 07:45:00,3714913.5
2020-11-21 01:15:00,3254083.5
2020-11-21 18:45:00,5881178
2020-11-22 12:15:00,5715257.5
2020-11-23 05:45:00,2593614
2020-11-23 23:15:00,20128980
2020-11-24 16:45:00,39896690
2020-11-25 10:15:00,33277222
2020-11-26 03:45:00,27406363
2020-11-26 21:15:00,43102897.5
2020-11-27 14:45:00,38521973.5
2020-11-28 08:15:00,13512920
2020-11-29 01:45:00,1384569
2020-11-29 19:15:00,5940333
2020-11-30 12:45:00,14673701.5
2020-12-01 06:15:00,19992737
2020-12-01 23:45:00,48500885.5
2020-12-02 17:15:00,45334490
2020-12-03 10:45:00,38153716.5
2020-12-04 04:15:00,36663385
2020-12-04 21:45:00,48662547.5
2020-12-05 15:15:00,33306008.5
2020-12-06 08:45:00,16609462.5
2020-12-07 02:15:00,4862135.5
2020-12-07 19:45:00,17207481
2020-12-08 13:15:00,10016730
2020-12-09 06:45:00,5001816.5
2020-12-10 00:15:00,20019042.5
2020-12-10 17:45:00,26326589
2020-12-11 11:15:00,19544184.5
2020-12-12 04:45:00,22514334.5
2020-12-12 22:15:00,14083579.5
2020-12-13 15:45:00,3275846
2020-12-14 09:15:00,6607896
2020-12-15 02:45:00,3772579.5
2020-12-15 20:15:00,19492101
2020-12-16 13:45:00,21554442.5
2020-12-17 07:15:00,56461600.5
2020-12-18 00:45:00,65484362
2020-12-18 18:15:00,57216889
2020-12-19 11:45:00,42314075
2020-12-20 05:15:00,23055526.5
2020-12-20 22:45:00,27342916.5
2020-12-21 16:15:00,38721001.5
2020-12-22 09:45:00,34467964
2020-12-23 03:15:00,47390340.5
2020-12-23 20:45:00,64749544
2020-12-24 14:15:00,59864587
2020-12-25 07:45:00,51116122
2020-12-26 01:15:00,42301971.5
2020-12-26 18:45:00,36794098
2020-12-27 12:15:00,36772930.5
2020-12-28 05:45:00,42169642
2020-12-28 23:15:00,50255813.5
2020-12-29 16:45:00,58585484
2020-12-30 10:15:00,40178279.5
2020-12-31 03:45:00,49643407.5
2020-12-31 21:15:00,50831442
2021-01-01 14:45:00,26628683.5
2021-01-02 08:15:00,4507187
2021-01-03 01:45:00,20776904
2021-01-03 19:15:00,16557437.5
2021-01-04 12:45:00,19409656
2021-01-05 06:15:00,15120493
2021-01-05 23:45:00,31226933.5
2021-01-06 17:15:00,35091267.5
2021-01-07 10:45:00,37206756.5
2021-01-08 04:15:00,48696384.5
2021-01-08 21:45:00,85761251.5
2021-01-09 15:15:00,89423174
2021-01-10 08:45:00,73915221.5
2021-01-11 02:15:00,82158388
2021-01-11 19:45:00,84692002.5
2021-01-12 13:15:00,89743559
2021-01-13 06:45:00,84578809.5
2021-01-14 00:15:00,86043376.5
2021-01-14 17:45:00,90791839
2021-01-15 11:15:00,89082833
2021-01-16 04:45:00,72011634.5
2021-01-16 22:15:00,89823677.5
2021-01-17 15:45:00,86514469.5
2021-01-18 09:15:00,75844074.5
2021-01-19 02:45:00,79147900
2021-01-19 20:15:00,86349604.5
2021-01-20 13:45:00,86191421
2021-01-21 07:15:00,84061032.5
2021-01-22 00:45:00,84368411.5
2021-01-22 18:15:00,99627199
2021-01-23 11:45:00,96104766
2021-01-24 05:15:00,69146373
2021-01-24 22:45:00,60254128
2021-01-25 16:15:00,78266799.5
2021-01-26 09:45:00,59377126.5
2021-01-27 03:15:00,64718995
2021-01-27 20:45:00,72765591
2021-01-28 14:15:00,70451906
2021-01-29 07:45:00,82823486
2021-01-30 01:15:00,73052130.5
2021-01-30 18:45:00,82648212.5
2021-01-31 12:15:00,68563210.5
2021-02-01 05:45:00,83745113.5
2021-02-01 23:15:00,82954605.5
2021-02-02 16:45:00,86458158
2021-02-03 10:15:00,83927281.5
2021-02-04 03:45:00,72574020
2021-02-04 21:15:00,76928288
2021-02-05 14:45:00,76768431
2021-02-06 08:15:00,77573218
2021-02-07 01:45:00,76947398
2021-02-07 19:15:00,74165131.5
2021-02-08 12:45:00,87841913.5
2021-02-09 06:15:00,81186660
2021-02-09 23:45:00,71181295.5
2021-02-10 17:15:00,80941509
2021-02-11 10:45:00,83672110.5
2021-02-12 04:15:00,78976848.5
2021-02-12 21:45:00,80867538
2021-02-13 15:15:00,80449557
2021-02-14 08:45:00,87388691
2021-02-15 02:15:00,76489949.5
2021-02-15 19:45:00,78193183.5
2021-02-16 13:15:00,84911989.5
2021-02-17 06:45:00,84299256.5
2021-02-18 00:15:00,76881673
2021-02-18 17:45:00,80337073
2021-02-19 11:15:00,84532910.5
2021-02-20 04:45:00,70887225.5
2021-02-20 22:15:00,81403675.5
2021-02-21 15:45:00,82281507.5
2021-02-22 09:15:00,78100334
2021-02-23 02:45:00,71418623
2021-02-23 20:15:00,70367692.5
2021-02-24 13:45:00,79751775.5
2021-02-25 07:15:00,79205816.5
2021-02-26 00:45:00,83846770
2021-02-26 18:15:00,81961410.5
2021-02-27 11:45:00,78358241.5
2021-02-28 05:15:00,78629009.5
2021-02-28 22:45:00,82290737
2021-03-01 16:15:00,79864098
2021-03-02 09:45:00,83587271
2021-03-03 03:15:00,64473147.5
2021-03-03 20:45:00,81691823
2021-03-04 14:15:00,85758943
2021-03-05 07:45:00,87171886.5
2021-03-06 01:15:00,76834647
2021-03-06 18:45:00,80842433.5
2021-03-07 12:15:00,89913648
2021-03-08 05:45:00,90751560
2021-03-08 23:15:00,88091104
2021-03-09 16:45:00,88858709
2021-03-10 10:15:00,91639263.5
2021-03-11 03:45:00,91372321
2021-03-11 21:15:00,73682814
2021-03-12 14:45:00,76611523
2021-03-13 08:15:00,78196100
2021-03-14 01:45:00,78700940
2021-03-14 19:15:00,76644288.5
2021-03-15 12:45:00,75267616.5
2021-03-16 06:15:00,84514701
2021-03-16 23:45:00,82778044.5
2021-03-17 17:15:00,82931159.5
2021-03-18 10:45:00,79914852
2021-03-19 04:15:00,78721993
2021-03-19 21:45:00,77787663
2021-03-20 15:15:00,83428393.5
2021-03-21 08:45:00,80888032.5
2021-03-22 02:15:00,93529006
2021-03-22 19:45:00,88450084.5
2021-03-23 13:15:00,88166455
2021-03-24 06:45:00,76170671
2021-03-25 00:15:00,84125280
2021-03-25 17:45:00,111332384
2021-03-26 11:15:00,107914760.5
2021-03-27 04:45:00,109078816
2021-03-27 22:15:00,100835974
2021-03-28 16:45:00,89267563
2021-03-29 10:15:00,87237345
2021-03-30 03:45:00,84938264.5
2021-03-30 21:15:00,85075732
2021-03-31 14:45:00,87249399.5
2021-04-01 08:15:00,88271846.5
2021-04-02 01:45:00,83019978
2021-04-02 19:15:00,88962229.5
2021-04-03 12:45:00,87922653.5
2021-04-04 06:15:00,71297768
2021-04-04 23:45:00,84744165.5
2021-04-05 17:15:00,90768230.5
2021-04-06 10:45:00,90653583.5
2021-04-07 04:15:00,84018824
2021-04-07 21:45:00,87651631
2021-04-08 15:15:00,90435970
2021-04-09 08:45:00,81127822.5
2021-04-10 02:15:00,81642554.5
2021-04-10 19:45:00,78002226.5
2021-04-11 13:15:00,85139951
2021-04-12 06:45:00,76958349
2021-04-13 00:15:00,83122861.5
2021-04-13 17:45:00,84515488.5
2021-04-14 11:15:00,78349515.5
2021-04-15 04:45:00,77574420
2021-04-15 22:15:00,84372236
2021-04-16 15:45:00,84416444
2021-04-17 09:15:00,72096241.5
2021-04-18 02:45:00,57955477
2021-04-18 20:15:00,77026909.5
2021-04-19 13:45:00,71797032
2021-04-20 07:15:00,70309054.5
2021-04-21 00:45:00,74123671
2021-04-21 18:15:00,75126125
2021-04-22 11:45:00,73861500
2021-04-23 05:15:00,70773455
2021-04-23 22:45:00,71388006.5
2021-04-24 16:15:00,77633096
2021-04-25 09:45:00,76328733.5
2021-04-26 03:15:00,84465058
2021-04-26 20:45:00,76929166
2021-04-27 14:15:00,90041565
2021-04-28 07:45:00,76260800.5
2021-04-29 01:15:00,86137692.5
2021-04-29 18:45:00,80987559
2021-04-30 12:15:00,85810225
2021-05-01 05:45:00,90318389
2021-05-01 23:15:00,86731233.5
2021-05-02 16:45:00,83666343.5
2021-05-03 10:15:00,84407599.5
2021-05-04 03:45:00,61088950
2021-05-04 21:15:00,73671881.5
2021-05-05 14:45:00,68601668
2021-05-06 08:15:00,66306922
2021-05-07 01:45:00,50596210.5
2021-05-07 19:15:00,56586699
2021-05-08 12:45:00,78504856
2021-05-09 06:15:00,58560325.5
2021-05-09 23:45:00,46870544.5
2021-05-10 17:15:00,43020003
2021-05-11 10:45:00,28415980
2021-05-12 04:15:00,18938844.5
2021-05-12 21:45:00,38272210
2021-05-13 15:15:00,39030790
2021-05-14 08:45:00,33235045
2021-05-15 02:15:00,46126988.5
2021-05-15 19:45:00,43945622
2021-05-16 13:15:00,29332683.5
2021-05-17 06:45:00,44796125.5
2021-05-18 00:15:00,52750002.5
2021-05-18 17:45:00,62645896
2021-05-19 11:15:00,69541690.5
2021-05-20 04:45:00,79676397
2021-05-20 22:15:00,80165580
2021-05-21 15:45:00,83928574.5
2021-05-22 09:15:00,73132534
2021-05-23 02:45:00,77224406
2021-05-23 20:15:00,77317411.5
2021-05-24 13:45:00,69229430.5
2021-05-25 07:15:00,55478570
2021-05-26 00:45:00,85790286.5
2021-05-26 18:15:00,79550377
2021-05-27 11:45:00,62764977
2021-05-28 05:15:00,68291163.5
2021-05-28 22:45:00,77571964
2021-05-29 16:15:00,52486828.5
2021-05-30 09:45:00,20017650.5
2021-05-31 03:15:00,16120691
2021-05-31 20:45:00,30418542
2021-06-01 14:15:00,25769389
2021-06-02 07:45:00,9680016.5
2021-06-03 01:15:00,2669644
2021-06-03 18:45:00,9838509.5
2021-06-04 12:15:00,1249225
2021-06-05 05:45:00,1036705.5
2021-06-05 23:15:00,1376679.5
2021-06-06 16:45:00,255561
2021-06-07 10:15:00,3551303
2021-06-08 03:45:00,19285391.5
2021-06-08 21:15:00,3812480
2021-06-09 14:45:00,13690879.5
2021-06-10 08:15:00,15777291
2021-06-11 01:45:00,23084986
2021-06-11 19:15:00,29394252
2021-06-12 12:45:00,18754856
2021-06-13 06:15:00,473068.5
2021-06-13 23:45:00,5772073
2021-06-14 17:15:00,19231295.5
2021-06-15 10:45:00,1031161
2021-06-16 04:15:00,2742219.5
2021-06-16 21:45:00,725318
2021-06-17 15:15:00,2409113.5
2021-06-18 08:45:00,874641
2021-06-19 02:15:00,6182185
2021-06-19 19:45:00,1168805
2021-06-20 13:15:00,22839420.5
2021-06-21 06:45:00,6459927.5
2021-06-22 00:15:00,22095105.5
2021-06-22 17:45:00,30550387
2021-06-23 11:15:00,22090842.5
2021-06-24 04:45:00,26433466.5
2021-06-24 22:15:00,24738766.5
2021-06-25 15:45:00,20102846
2021-06-26 09:15:00,6933425
2021-06-27 02:45:00,11593821.5
2021-06-27 20:15:00,15890786.5
2021-06-28 13:45:00,30893476
2021-06-29 07:15:00,28680553.5
2021-06-30 00:45:00,45212926.5
2021-06-30 18:15:00,46636311
2021-07-01 11:45:00,62004523
2021-07-02 05:15:00,50725739
2021-07-02 22:45:00,61733661
2021-07-03 16:15:00,40264339
2021-07-04 09:45:00,15140612
2021-07-05 03:15:00,616308
2021-07-05 20:45:00,7708024
2021-07-06 14:15:00,2965477
2021-07-07 07:45:00,2401441.5
2021-07-08 01:15:00,280321
2021-07-08 18:45:00,4076932.5
2021-07-09 12:15:00,5012710.5
2021-07-10 05:45:00,663913
2021-07-10 23:15:00,682292.5
2021-07-11 16:45:00,1081450.5
2021-07-12 10:15:00,5720531.5
2021-07-13 03:45:00,250168
2021-07-13 21:15:00,2417425
2021-07-14 14:45:00,580429.5
2021-07-15 08:15:00,1107117.5
2021-07-16 01:45:00,750765
2021-07-16 19:15:00,3009401
2021-07-17 12:45:00,307259.5
2021-07-18 06:15:00,438910
2021-07-18 23:45:00,2771216.5
2021-07-19 17:15:00,2125515
2021-07-20 10:45:00,4549015.5
2021-07-21 04:15:00,1385697.5
2021-07-21 21:45:00,2439396
2021-07-22 15:15:00,1021685.5
2021-07-23 08:45:00,489843
2021-07-24 02:15:00,339793.5
2021-07-24 19:45:00,2940352.5
2021-07-25 13:15:00,525191.5
2021-07-26 06:45:00,1953521
2021-07-27 00:15:00,7473340
2021-07-27 17:45:00,351270.5
2021-07-28 11:15:00,3366472
2021-07-29 04:45:00,541376.5
2021-07-29 22:15:00,5307666
2021-07-30 15:45:00,2789218.5
2021-07-31 09:15:00,307718.5
2021-08-01 02:45:00,115207.5
2021-08-01 20:15:00,268234
2021-08-02 13:45:00,5792913
2021-08-03 07:15:00,1087909.5
2021-08-04 00:45:00,440465.5
2021-08-04 18:15:00,5920338
2021-08-05 11:45:00,884510.5
2021-08-06 05:15:00,129888.5
2021-08-06 22:45:00,2775585.5
2021-08-07 16:15:00,1714398
2021-08-08 09:45:00,231850.5
2021-08-09 03:15:00,181524
2021-08-09 20:45:00,6263073
2021-08-10 14:15:00,453262.5
2021-08-11 07:45:00,746838
2021-08-12 01:15:00,189900
2021-08-12 18:45:00,2416965
2021-08-13 12:15:00,2944065.5
2021-08-14 05:45:00,314074
2021-08-14 23:15:00,284385
2021-08-15 16:45:00,227674.5
2021-08-16 10:15:00,1266977
2021-08-17 03:45:00,15906965
2021-08-17 21:15:00,1601209
2021-08-18 14:45:00,7571512
2021-08-19 08:15:00,1027088.5
2021-08-20 01:45:00,245064.5
2021-08-20 19:15:00,7668283.5
2021-08-21 12:45:00,1347800.5
2021-08-22 06:15:00,1428063
2021-08-22 23:45:00,702800
2021-08-23 17:15:00,207762.5
2021-08-24 10:45:00,2787664
2021-08-25 04:15:00,323457.5
2021-08-25 21:45:00,1204548
2021-08-26 15:15:00,2117164
2021-08-27 08:45:00,294174
2021-08-28 02:15:00,462669
2021-08-28 19:45:00,700948.5
2021-08-29 13:15:00,843779
2021-08-30 06:45:00,173323.5
2021-08-31 00:15:00,6163964
2021-08-31 17:45:00,8487454
2021-09-01 11:15:00,2676991.5
2021-09-02 04:45:00,1060632
2021-09-02 22:15:00,9072759
2021-09-03 15:45:00,2680401
2021-09-04 09:15:00,435959
2021-09-05 02:45:00,449885.5
2021-09-05 20:15:00,2067427
2021-09-06 13:45:00,5473080
2021-09-07 07:15:00,993723
2021-09-08 00:45:00,473983
2021-09-08 18:15:00,4777911
2021-09-09 11:45:00,258137
2021-09-10 05:15:00,549846
2021-09-10 22:45:00,11575867
2021-09-11 16:15:00,517614
2021-09-12 09:45:00,470215.5
2021-09-13 03:15:00,278617
2021-09-13 20:45:00,5563060
2021-09-14 14:15:00,6380091
2021-09-15 07:45:00,1138306.5
2021-09-16 01:15:00,8151388.5
2021-09-16 18:45:00,18085822
2021-09-17 12:15:00,3338326
2021-09-18 05:45:00,179738
2021-09-18 23:15:00,197943.5
2021-09-19 16:45:00,457934.5
2021-09-20 10:15:00,8506735.5
2021-09-21 03:45:00,1882698
2021-09-21 21:15:00,8356144.5
2021-09-22 14:45:00,2713567.5
2021-09-23 08:15:00,1402055.5
2021-09-24 01:45:00,752316.5
2021-09-24 19:15:00,623230
2021-09-25 12:45:00,1334375.5
2021-09-26 06:15:00,489065.5
2021-09-26 23:45:00,172934.5
2021-09-27 17:15:00,2947075.5
2021-09-28 10:45:00,752561.5
2021-09-29 04:15:00,219473
2021-09-29 21:45:00,17884119
2021-09-30 15:15:00,1128801.5
2021-10-01 08:45:00,3174870
2021-10-02 02:15:00,7415779.5
2021-10-02 19:45:00,3259113.5
2021-10-03 13:15:00,1234018
2021-10-04 06:45:00,927556.5
2021-10-05 00:15:00,2328307
2021-10-05 17:45:00,9659075
2021-10-06 11:15:00,341249
2021-10-07 04:45:00,22332154
2021-10-07 22:15:00,19059614
2021-10-08 15:45:00,14290814
2021-10-09 09:15:00,612633.5
2021-10-10 02:45:00,596161.5
2021-10-10 20:15:00,237281
2021-10-11 13:45:00,9829148.5
2021-10-12 07:15:00,509744
2021-10-13 00:45:00,2173510
2021-10-13 18:15:00,2743991.5
2021-10-14 11:45:00,1524249
2021-10-15 05:15:00,749531
2021-10-15 22:45:00,14941692.5
2021-10-16 16:15:00,2883938
2021-10-17 09:45:00,226284.5
2021-10-18 03:15:00,614765.5
2021-10-18 20:45:00,7901383.5
2021-10-19 14:15:00,3816625.5
2021-10-20 07:45:00,375003
2021-10-21 01:15:00,21040938
2021-10-21 18:45:00,8281597
2021-10-22 12:15:00,646459
2021-10-23 05:45:00,383434
2021-10-23 23:15:00,1679072.5
2021-10-24 16:45:00,1547881
2021-10-25 10:15:00,1606489.5
2021-10-26 03:45:00,532244.5
2021-10-26 21:15:00,5570538.5
2021-10-27 14:45:00,2380525
2021-10-28 08:15:00,284726.5
2021-10-29 01:45:00,387998
2021-10-29 19:15:00,536565
2021-10-30 12:45:00,353747.5
2021-10-31 05:15:00,790686.5
2021-10-31 22:45:00,2299656
2021-11-01 16:15:00,7030166
2021-11-02 09:45:00,3840128.5
2021-11-03 03:15:00,199993.5
2021-11-03 20:45:00,4596662.5
2021-11-04 14:15:00,7151638.5
2021-11-05 07:45:00,8243766
2021-11-06 01:15:00,238968
2021-11-06 18:45:00,267036
2021-11-07 12:15:00,132957
2021-11-08 05:45:00,3261777.5
2021-11-08 23:15:00,29445036.5
2021-11-09 16:45:00,17441247.5
2021-11-10 10:15:00,1955758
2021-11-11 03:45:00,1060206.5
2021-11-11 21:15:00,1428012.5
2021-11-12 14:45:00,3881766.5
2021-11-13 08:15:00,289907.5
2021-11-14 01:45:00,114165
2021-11-14 19:15:00,220077.5
2021-11-15 12:45:00,685707.5
2021-11-16 06:15:00,2072950.5
2021-11-16 23:45:00,1164152.5
2021-11-17 17:15:00,5049712
2021-11-18 10:45:00,5742850
2021-11-19 04:15:00,890926
2021-11-19 21:45:00,6350693
2021-11-20 15:15:00,984008
2021-11-21 08:45:00,550113.5
2021-11-22 02:15:00,1207078.5
2021-11-22 19:45:00,4881364
2021-11-23 13:15:00,729154.5
2021-11-24 06:45:00,3215176.5
2021-11-25 00:15:00,842033
2021-11-25 17:45:00,5467073
2021-11-26 11:15:00,690225
2021-11-27 04:45:00,137474
2021-11-27 22:15:00,225869
2021-11-28 15:45:00,450755.5
2021-11-29 09:15:00,4932842.5
2021-11-30 02:45:00,353195.5
2021-11-30 20:15:00,17208020
2021-12-01 13:45:00,35617107.5
2021-12-02 07:15:00,16750628
2021-12-03 00:45:00,4050798.5
2021-12-03 18:15:00,1829839.5
2021-12-04 11:45:00,2463646.5
2021-12-05 05:15:00,8022137
2021-12-05 22:45:00,696624.5
2021-12-06 16:15:00,289579
2021-12-07 09:45:00,3356768
2021-12-08 03:15:00,199711.5
2021-12-08 20:45:00,39265832
2021-12-09 14:15:00,10956366
2021-12-10 07:45:00,2424965
2021-12-11 01:15:00,1512405.5
2021-12-11 18:45:00,1152428.5
2021-12-12 12:15:00,306461.5
2021-12-13 05:45:00,2488293.5
2021-12-13 23:15:00,2340359
2021-12-14 16:45:00,220618
2021-12-15 10:15:00,8058254.5
2021-12-16 03:45:00,2233167.5
2021-12-16 21:15:00,8303345
2021-12-17 14:45:00,26896739
2021-12-18 08:15:00,277975.5
2021-12-19 01:45:00,188627.5
2021-12-19 19:15:00,1190381.5
2021-12-20 12:45:00,4621928.5
2021-12-21 06:15:00,519486
2021-12-21 23:45:00,1459933.5
2021-12-22 17:15:00,2308684
2021-12-23 10:45:00,512774.5
2021-12-24 04:15:00,350284
2021-12-24 21:45:00,36246828
2021-12-25 15:15:00,556279.5
2021-12-26 08:45:00,512211
2021-12-27 02:15:00,986170.5
2021-12-27 19:45:00,25715484.5
2021-12-28 13:15:00,12212874
2021-12-29 06:45:00,2020603
2021-12-30 00:15:00,9433221
2021-12-30 17:45:00,20097133.5
2021-12-31 11:15:00,8994230
2022-01-01 04:45:00,292565.5
2022-01-01 22:15:00,780095.5
2022-01-02 15:45:00,3056564
2022-01-03 09:15:00,1714395
2022-01-04 02:45:00,1478458.5
2022-01-04 20:15:00,5609971.5
2022-01-05 13:45:00,4031748.5
2022-01-06 07:15:00,3494628
2022-01-07 00:45:00,768665.5
2022-01-07 18:15:00,8952197.5
2022-01-08 11:45:00,129888.5
2022-01-09 05:15:00,309440.5
2022-01-09 22:45:00,246034.5
2022-01-10 16:15:00,9089052.5
2022-01-11 09:45:00,3486487
2022-01-12 03:15:00,1206030
2022-01-12 20:45:00,678619.5
2022-01-13 14:15:00,4070444
2022-01-14 07:45:00,3975203
2022-01-15 01:15:00,1045272.5
2022-01-15 18:45:00,2986636
2022-01-16 12:15:00,302075
2022-01-17 05:45:00,884351
2022-01-17 23:15:00,229179.5
2022-01-18 16:45:00,5728467
2022-01-19 10:15:00,4575162.5
2022-01-20 03:45:00,617752.5
2022-01-20 21:15:00,6085347.5
2022-01-21 14:45:00,3664434.5
2022-01-22 08:15:00,2430877
2022-01-23 01:45:00,2787819
2022-01-23 19:15:00,987285.5
2022-01-24 12:45:00,2803025.5
2022-01-25 06:15:00,159094.5
2022-01-25 23:45:00,2521118
2022-01-26 17:15:00,8471267
2022-01-27 10:45:00,3417596
2022-01-28 04:15:00,231236.5
2022-01-28 21:45:00,973286.5
2022-01-29 15:15:00,3354060.5
2022-01-30 08:45:00,175845.5
2022-01-31 02:15:00,16139217.5
2022-01-31 19:45:00,14027622.5
2022-02-01 13:15:00,797554
2022-02-02 06:45:00,397308.5
2022-02-03 00:15:00,379452
2022-02-03 17:45:00,1288687
2022-02-04 11:15:00,7447992.5
2022-02-05 04:45:00,27243193.5
2022-02-05 22:15:00,14181655.5
2022-02-06 15:45:00,1273170.5
2022-02-07 09:15:00,5162194.5
2022-02-08 02:45:00,713282
2022-02-08 20:15:00,5986710
2022-02-09 13:45:00,12685260
2022-02-10 07:15:00,11030798
2022-02-11 00:45:00,34590814.5
2022-02-11 18:15:00,60026242.5
2022-02-12 11:45:00,24136013
2022-02-13 05:15:00,365981
2022-02-13 22:45:00,236747.5
2022-02-14 16:15:00,5201300
2022-02-15 09:45:00,1005332.5
2022-02-16 03:15:00,156215.5
2022-02-16 20:45:00,1357472.5
2022-02-17 14:15:00,669652.5
2022-02-18 07:45:00,1983551.5
2022-02-19 01:15:00,1602629.5
2022-02-19 18:45:00,2323082
2022-02-20 12:15:00,542060.5
2022-02-21 05:45:00,202108
2022-02-21 23:15:00,2889381
2022-02-22 16:45:00,586649.5
2022-02-23 10:15:00,923691
2022-02-24 03:45:00,508824
2022-02-24 21:15:00,4979516.5
2022-02-25 14:45:00,1526648
2022-02-26 08:15:00,983194
2022-02-27 01:45:00,1109176
2022-02-27 19:15:00,969136.5
2022-02-28 12:45:00,504189
2022-03-01 06:15:00,416255.5
2022-03-01 23:45:00,19872135.5
2022-03-02 17:15:00,8055743
2022-03-03 10:45:00,2072368
2022-03-04 04:15:00,385302.5
2022-03-04 21:45:00,5991737
2022-03-05 15:15:00,4653579.5
2022-03-06 08:45:00,998775
2022-03-07 02:15:00,255820
2022-03-07 19:45:00,2028014
2022-03-08 13:15:00,2853993.5
2022-03-09 06:45:00,138114
2022-03-10 00:15:00,3095771
2022-03-10 17:45:00,1010520
2022-03-11 11:15:00,5105874
2022-03-12 04:45:00,815033
2022-03-12 22:15:00,342068
2022-03-13 15:45:00,895258.5
2022-03-14 09:15:00,2277953.5
2022-03-15 02:45:00,4844625
2022-03-15 20:15:00,2989821.5
2022-03-16 13:45:00,2112988
2022-03-17 07:15:00,1668262
2022-03-18 00:45:00,1184830
2022-03-18 18:15:00,6626410.5
2022-03-19 11:45:00,582661
2022-03-20 05:15:00,228098.5
2022-03-20 22:45:00,470887.5
2022-03-21 16:15:00,5747728
2022-03-22 09:45:00,1670788
2022-03-23 03:15:00,1360707.5
2022-03-23 20:45:00,5671724.5
2022-03-24 14:15:00,3694806.5
2022-03-25 07:45:00,618047.5
2022-03-26 01:15:00,1289583
2022-03-26 18:45:00,366100.5
2022-03-27 13:15:00,199078.5
2022-03-28 06:45:00,843596
2022-03-29 00:15:00,543057.5
2022-03-29 17:45:00,4537438
2022-03-30 11:15:00,1561309
2022-03-31 04:45:00,157596.5
2022-03-31 22:15:00,13407131
2022-04-01 15:45:00,5023632.5
2022-04-02 09:15:00,623351.5
2022-04-03 02:45:00,420105.5
2022-04-03 20:15:00,2448830
2022-04-04 13:45:00,528986
2022-04-05 07:15:00,2131570
2022-04-06 00:45:00,4360108
2022-04-06 18:15:00,7034949
2022-04-07 11:45:00,406226.5
2022-04-08 05:15:00,2968328.5
2022-04-08 22:45:00,662202.5
2022-04-09 16:15:00,1071993
2022-04-10 09:45:00,1174489
2022-04-11 03:15:00,872427
2022-04-11 20:45:00,7770063
2022-04-12 14:15:00,3912602.5
2022-04-13 07:45:00,1625736
2022-04-14 01:15:00,346923.5
2022-04-14 18:45:00,2558390
2022-04-15 12:15:00,863721
2022-04-16 05:45:00,114181.5
2022-04-16 23:15:00,996612
2022-04-17 16:45:00,277310
2022-04-18 10:15:00,4545767.5
2022-04-19 03:45:00,203403.5
2022-04-19 21:15:00,4658616
2022-04-20 14:45:00,3184682
2022-04-21 08:15:00,265964.5
2022-04-22 01:45:00,150177.5
2022-04-22 19:15:00,10737325
2022-04-23 12:45:00,1363213
2022-04-24 06:15:00,836524
2022-04-24 23:45:00,165745.5
2022-04-25 17:15:00,3130733.5
2022-04-26 10:45:00,309821
2022-04-27 04:15:00,375744
2022-04-27 21:45:00,461795.5
2022-04-28 15:15:00,8972424
2022-04-29 08:45:00,477272.5
2022-04-30 02:15:00,1414319