Timestamp,total-bitcoins
2019-05-01 00:22:57,17674975
2019-05-01 15:10:02,17676312.5
2019-05-02 06:27:56,17677662.5
2019-05-02 19:08:19,17678987.5
2019-05-03 11:17:58,17680325
2019-05-04 04:55:46,17681675
2019-05-05 00:30:40,17683000
2019-05-05 20:17:27,17684325
2019-05-06 13:39:12,17685650
2019-05-07 07:47:38,17686975
2019-05-08 02:44:05,17688312.5
2019-05-08 19:48:59,17689637.5
2019-05-09 14:05:04,17690975
2019-05-10 07:12:13,17692312.5
2019-05-11 03:41:11,17693637.5
2019-05-11 23:33:45,17694962.5
2019-05-12 16:24:40,17696300
2019-05-13 09:35:29,17697675
2019-05-13 23:04:55,17699000
2019-05-14 15:33:48,17700325
2019-05-15 08:52:29,17701662.5
2019-05-16 02:37:41,17703000
2019-05-16 19:17:35,17704337.5
2019-05-17 11:41:47,17705662.5
2019-05-18 04:33:08,17706987.5
2019-05-18 22:52:10,17708312.5
2019-05-19 14:10:37,17709637.5
2019-05-20 03:54:23,17710962.5
2019-05-20 20:55:06,17712287.5
2019-05-21 13:57:38,17713612.5
2019-05-22 07:13:26,17714937.5
2019-05-22 20:53:07,17716275
2019-05-23 13:09:27,17717600
2019-05-24 06:49:46,17718925
2019-05-24 22:13:56,17720250
2019-05-25 16:35:00,17721575
2019-05-26 08:18:15,17722900
2019-05-27 00:16:38,17724225
2019-05-27 15:17:13,17725587.5
2019-05-28 06:42:10,17726925
2019-05-28 22:58:27,17728275
2019-05-29 13:54:22,17729612.5
2019-05-30 04:30:21,17730937.5
2019-05-30 21:26:19,17732262.5
2019-05-31 18:01:55,17733587.5
2019-06-01 10:35:41,17734912.5
2019-06-02 06:25:02,17736237.5
2019-06-03 00:23:15,17737575
2019-06-03 22:25:58,17738900
2019-06-04 16:40:46,17740237.5
2019-06-05 08:24:12,17741562.5
2019-06-05 23:07:59,17742887.5
2019-06-06 16:08:44,17744237.5
2019-06-07 08:23:33,17745562.5
2019-06-08 01:12:09,17746912.5
2019-06-08 22:03:26,17748237.5
2019-06-09 15:02:59,17749575
2019-06-10 08:05:29,17750900
2019-06-11 00:46:43,17752237.5
2019-06-11 19:17:16,17753562.5
2019-06-12 13:52:23,17754887.5
2019-06-13 08:11:30,17756212.5
2019-06-14 00:23:03,17757537.5
2019-06-14 16:04:49,17758862.5
2019-06-15 07:17:20,17760200
2019-06-16 01:55:39,17761525
2019-06-16 21:20:21,17762850
2019-06-17 17:03:42,17764187.5
2019-06-18 09:52:40,17765512.5
2019-06-19 00:45:21,17766837.5
2019-06-19 17:05:49,17768162.5
2019-06-20 05:52:49,17769487.5
2019-06-21 00:32:11,17770812.5
2019-06-21 19:09:10,17772137.5
2019-06-22 14:53:19,17773462.5
2019-06-23 05:37:21,17774787.5
2019-06-23 19:33:26,17776112.5
2019-06-24 11:18:58,17777450
2019-06-25 01:25:16,17778800
2019-06-25 19:13:55,17780125
2019-06-26 11:36:28,17781450
2019-06-27 02:35:05,17782775
2019-06-27 20:35:27,17784100
2019-06-28 13:21:48,17785437.5
2019-06-29 03:45:33,17786762.5
2019-06-29 17:44:25,17788100
2019-06-30 10:58:30,17789425
2019-07-01 03:15:24,17790750
2019-07-01 21:01:57,17792075
2019-07-02 15:21:09,17793400
2019-07-03 06:03:00,17794725
2019-07-03 19:37:13,17796062.5
2019-07-04 11:08:08,17797387.5
2019-07-05 01:36:19,17798712.5
2019-07-05 16:34:57,17800037.5
2019-07-06 06:14:25,17801375
2019-07-06 19:19:32,17802700
2019-07-07 13:05:08,17804025
2019-07-08 03:20:16,17805362.5
2019-07-08 18:39:48,17806700
2019-07-09 09:55:05,17808050
2019-07-10 04:09:21,17809375
2019-07-10 23:40:00,17810700
2019-07-11 19:12:19,17812037.5
2019-07-12 11:30:52,17813375
2019-07-13 04:44:05,17814700
2019-07-13 22:38:32,17816025
2019-07-14 15:55:54,17817350
2019-07-15 08:49:45,17818675
2019-07-16 03:40:06,17820000
2019-07-16 18:24:46,17821337.5
2019-07-17 12:10:14,17822675
2019-07-18 08:32:51,17824000
2019-07-19 05:25:17,17825325
2019-07-20 01:39:14,17826650
2019-07-20 16:46:41,17827987.5
2019-07-21 07:38:53,17829312.5
2019-07-22 01:18:21,17830637.5
2019-07-22 15:08:09,17831962.5
2019-07-23 12:43:34,17833312.5
2019-07-24 05:24:08,17834637.5
2019-07-24 21:25:06,17835962.5
2019-07-25 16:24:34,17837300
2019-07-26 10:02:26,17838625
2019-07-26 23:33:36,17839950
2019-07-27 16:15:01,17841275
2019-07-28 08:05:24,17842600
2019-07-28 22:36:16,17843925
2019-07-29 14:15:38,17845262.5
2019-07-30 05:42:00,17846600
2019-07-30 23:52:03,17847937.5
2019-07-31 17:26:27,17849262.5
2019-08-01 06:35:28,17850587.5
2019-08-02 00:45:37,17851925
2019-08-02 16:19:17,17853250
2019-08-03 08:03:23,17854575
2019-08-03 21:58:55,17855912.5
2019-08-04 13:48:23,17857250
2019-08-05 05:44:37,17858600
2019-08-05 22:25:44,17859937.5
2019-08-06 14:44:45,17861262.5
2019-08-07 06:30:25,17862587.5
2019-08-07 23:38:16,17863925
2019-08-08 18:14:24,17865250
2019-08-09 12:22:11,17866600
2019-08-10 06:45:19,17867925
2019-08-10 21:36:06,17869250
2019-08-11 14:51:18,17870587.5
2019-08-12 07:07:40,17871912.5
2019-08-13 02:57:44,17873250
2019-08-13 18:28:41,17874587.5
2019-08-14 12:39:04,17875937.5
2019-08-15 04:55:40,17877262.5
2019-08-15 21:32:49,17878600
2019-08-16 14:31:49,17879937.5
2019-08-17 09:11:59,17881287.5
2019-08-18 04:41:52,17882612.5
2019-08-19 00:35:20,17883937.5
2019-08-19 16:39:44,17885287.5
2019-08-20 08:25:55,17886612.5
2019-08-21 01:45:42,17887950
2019-08-21 19:32:34,17889287.5
2019-08-22 15:40:07,17890612.5
2019-08-23 09:05:25,17891937.5
2019-08-24 01:30:29,17893275
2019-08-24 17:51:11,17894612.5
2019-08-25 10:30:54,17895937.5
2019-08-26 02:15:31,17897275
2019-08-26 21:14:29,17898600
2019-08-27 16:36:39,17899937.5
2019-08-28 08:21:15,17901262.5
2019-08-29 02:18:31,17902587.5
2019-08-29 17:47:42,17903925
2019-08-30 09:53:59,17905262.5
2019-08-31 01:59:05,17906587.5
2019-08-31 17:44:41,17907912.5
2019-09-01 09:06:31,17909250
2019-09-02 02:42:40,17910575
2019-09-02 21:25:13,17911925
2019-09-03 12:36:25,17913275
2019-09-04 04:51:25,17914600
2019-09-04 23:53:50,17915925
2019-09-05 13:37:20,17917262.5
2019-09-06 06:13:44,17918587.5
2019-09-06 22:49:13,17919912.5
2019-09-07 17:24:52,17921237.5
2019-09-08 08:03:10,17922575
2019-09-08 22:43:16,17923912.5
2019-09-09 15:03:30,17925237.5
2019-09-10 06:21:43,17926562.5
2019-09-10 20:13:53,17927887.5
2019-09-11 11:01:46,17929237.5
2019-09-12 01:17:59,17930562.5
2019-09-12 17:41:16,17931887.5
2019-09-13 09:08:54,17933212.5
2019-09-14 02:26:07,17934537.5
2019-09-14 19:14:22,17935875
2019-09-15 14:16:11,17937200
2019-09-16 04:24:24,17938550
2019-09-16 20:00:48,17939875
2019-09-17 13:31:46,17941200
2019-09-18 06:17:33,17942525
2019-09-18 20:22:28,17943850
2019-09-19 13:50:04,17945187.5
2019-09-20 06:18:38,17946525
2019-09-20 22:55:54,17947850
2019-09-21 14:59:22,17949175
2019-09-22 07:26:51,17950512.5
2019-09-22 21:39:23,17951837.5
2019-09-23 19:03:59,17953162.5
2019-09-24 14:36:34,17954525
2019-09-25 06:20:14,17955850
2019-09-25 21:10:37,17957200
2019-09-26 12:04:34,17958537.5
2019-09-27 03:50:31,17959862.5
2019-09-28 00:10:59,17961200
2019-09-28 16:07:24,17962525
2019-09-29 11:07:30,17963850
2019-09-30 04:25:40,17965200
2019-10-01 00:51:38,17966525
2019-10-01 18:32:22,17967850
2019-10-02 11:23:44,17969187.5
2019-10-03 04:56:20,17970525
2019-10-03 23:10:29,17971850
2019-10-04 16:49:27,17973175
2019-10-05 07:21:03,17974500
2019-10-06 01:17:34,17975837.5
2019-10-06 17:31:29,17977162.5
2019-10-07 10:39:05,17978512.5
2019-10-08 03:23:11,17979837.5
2019-10-08 17:55:48,17981175
2019-10-09 12:01:44,17982500
2019-10-10 07:00:46,17983837.5
2019-10-10 21:53:59,17985162.5
2019-10-11 13:36:53,17986500
2019-10-12 06:53:51,17987837.5
2019-10-13 01:34:36,17989162.5
2019-10-13 18:43:28,17990500
2019-10-14 15:14:25,17991850
2019-10-15 09:17:46,17993175
2019-10-16 02:33:17,17994512.5
2019-10-16 21:33:32,17995837.5
2019-10-17 14:37:54,17997175
2019-10-18 05:45:52,17998525
2019-10-18 21:56:38,17999862.5
2019-10-19 15:57:45,18001187.5
2019-10-20 12:08:38,18002525
2019-10-21 04:14:55,18003875
2019-10-21 19:43:59,18005200
2019-10-22 11:42:39,18006525
2019-10-23 02:44:29,18007850
2019-10-23 17:30:16,18009200
2019-10-24 09:43:55,18010525
2019-10-25 06:57:02,18011850
2019-10-25 23:53:06,18013175
2019-10-26 19:29:42,18014500
2019-10-27 15:23:19,18015825
2019-10-28 10:59:07,18017150
2019-10-29 04:35:44,18018475
2019-10-30 01:07:07,18019800
2019-10-30 20:04:45,18021137.5
2019-10-31 12:49:08,18022462.5
2019-11-01 10:11:12,18023800
2019-11-02 06:24:10,18025125
2019-11-03 00:35:47,18026462.5
2019-11-03 20:09:20,18027800
2019-11-04 15:02:29,18029137.5
2019-11-05 09:48:46,18030475
2019-11-06 02:45:04,18031800
2019-11-06 22:24:43,18033125
2019-11-07 18:31:45,18034450
2019-11-08 12:10:03,18035775
2019-11-09 08:36:56,18037100
2019-11-10 00:56:02,18038425
2019-11-10 18:10:01,18039762.5
2019-11-11 09:21:40,18041087.5
2019-11-12 02:44:46,18042412.5
2019-11-12 20:08:25,18043737.5
2019-11-13 17:05:07,18045062.5
2019-11-14 07:45:21,18046387.5
2019-11-14 23:10:46,18047725
2019-11-15 14:33:03,18049062.5
2019-11-16 08:00:50,18050387.5
2019-11-17 02:56:25,18051712.5
2019-11-17 18:01:45,18053037.5
2019-11-18 09:20:03,18054362.5
2019-11-19 06:01:42,18055712.5
2019-11-19 23:10:39,18057037.5
2019-11-20 17:09:41,18058362.5
2019-11-21 12:48:52,18059700
2019-11-22 09:03:20,18061025
2019-11-23 00:22:06,18062375
2019-11-23 14:54:57,18063700
2019-11-24 08:13:42,18065037.5
2019-11-25 03:37:20,18066362.5
2019-11-26 01:48:07,18067700
2019-11-26 22:19:16,18069025
2019-11-27 17:33:19,18070350
2019-11-28 09:30:32,18071687.5
2019-11-29 02:15:47,18073025
2019-11-29 21:15:58,18074375
2019-11-30 16:15:25,18075725
2019-12-01 11:57:51,18077050
2019-12-02 05:24:01,18078375
2019-12-02 23:31:30,18079700
2019-12-03 15:41:05,18081025
2019-12-04 08:20:03,18082362.5
2019-12-04 22:54:41,18083687.5
2019-12-05 16:04:11,18085012.5
2019-12-06 10:05:02,18086337.5
2019-12-07 03:29:15,18087662.5
2019-12-07 20:06:01,18089012.5
2019-12-08 13:07:50,18090337.5
2019-12-09 06:09:56,18091662.5
2019-12-09 23:08:45,18092987.5
2019-12-10 17:10:30,18094312.5
2019-12-11 12:42:51,18095637.5
2019-12-12 04:59:17,18096962.5
2019-12-13 00:57:10,18098287.5
2019-12-13 17:15:18,18099625
2019-12-14 09:20:38,18100950
2019-12-15 05:05:27,18102287.5
2019-12-16 00:45:24,18103612.5
2019-12-16 17:03:04,18104950
2019-12-17 10:10:59,18106275
2019-12-18 05:21:30,18107600
2019-12-18 23:37:51,18108937.5
2019-12-19 15:34:50,18110275
2019-12-20 08:57:05,18111612.5
2019-12-21 00:01:54,18112937.5
2019-12-21 14:50:26,18114262.5
2019-12-22 05:23:34,18115587.5
2019-12-22 20:49:59,18116912.5
2019-12-23 13:25:32,18118250
2019-12-24 10:36:54,18119575
2019-12-25 05:38:24,18120900
2019-12-26 00:07:46,18122225
2019-12-26 15:25:25,18123587.5
2019-12-27 09:50:14,18124912.5
2019-12-28 04:16:28,18126262.5
2019-12-28 19:40:40,18127587.5
2019-12-29 12:06:38,18128912.5
2019-12-30 05:20:18,18130237.5
2019-12-30 19:25:36,18131562.5
2019-12-31 13:28:05,18132900
2020-01-01 06:49:04,18134237.5
2020-01-01 20:06:45,18135562.5
2020-01-02 12:49:56,18136887.5
2020-01-03 05:48:45,18138237.5
2020-01-03 21:50:08,18139562.5
2020-01-04 13:34:30,18140887.5
2020-01-05 05:00:49,18142225
2020-01-05 19:35:55,18143562.5
2020-01-06 14:09:13,18144887.5
2020-01-07 07:18:45,18146225
2020-01-07 21:43:39,18147550
2020-01-08 14:24:08,18148875
2020-01-09 08:23:19,18150200
2020-01-09 23:40:49,18151525
2020-01-10 17:13:27,18152875
2020-01-11 09:13:28,18154212.5
2020-01-12 01:47:20,18155537.5
2020-01-12 17:29:22,18156875
2020-01-13 10:07:40,18158200
2020-01-14 05:47:19,18159525
2020-01-14 23:02:37,18160850
2020-01-15 14:50:37,18162175
2020-01-16 09:52:38,18163500
2020-01-17 00:13:06,18164825
2020-01-17 15:44:46,18166150
2020-01-18 10:37:45,18167475
2020-01-19 06:13:24,18168800
2020-01-19 21:42:43,18170137.5
2020-01-20 19:47:51,18171875
2020-01-22 01:12:27,18174162.5
2020-01-22 17:26:23,18175487.5
2020-01-23 09:08:41,18176812.5
2020-01-24 01:56:29,18178150
2020-01-24 17:09:54,18179500
2020-01-25 10:36:27,18180825
2020-01-26 01:59:28,18182150
2020-01-26 20:51:35,18183487.5
2020-01-27 15:09:53,18184812.5
2020-01-28 10:09:03,18186137.5
2020-01-29 02:52:09,18187462.5
2020-01-29 20:01:23,18188787.5
2020-01-30 10:18:07,18190125
2020-01-31 04:29:43,18191462.5
2020-01-31 21:49:57,18192787.5
2020-02-01 13:06:21,18194112.5
2020-02-02 08:19:10,18195437.5
2020-02-03 02:37:42,18196762.5
2020-02-03 18:28:15,18198087.5
2020-02-04 14:26:15,18199412.5
2020-02-05 07:42:17,18200750
2020-02-05 23:30:19,18202075
2020-02-06 17:14:21,18203412.5
2020-02-07 12:34:16,18204750
2020-02-08 07:29:20,18206075
2020-02-09 02:04:20,18207412.5
2020-02-09 19:50:27,18208737.5
2020-02-10 13:51:23,18210075
2020-02-11 08:48:53,18211412.5
2020-02-12 01:28:32,18212750
2020-02-12 21:28:30,18214075
2020-02-13 16:43:44,18215400
2020-02-14 07:45:19,18216737.5
2020-02-15 02:57:55,18218062.5
2020-02-15 21:23:15,18219387.5
2020-02-16 16:03:26,18220712.5
2020-02-17 09:55:05,18222037.5
2020-02-18 01:00:51,18223387.5
2020-02-18 18:31:11,18224725
2020-02-19 13:43:01,18226062.5
2020-02-20 08:25:46,18227387.5
2020-02-21 02:20:38,18228712.5
2020-02-21 18:34:28,18230037.5
2020-02-22 12:25:13,18231362.5
2020-02-23 06:54:28,18232687.5
2020-02-23 23:57:24,18234012.5
2020-02-24 18:30:01,18235337.5
2020-02-25 11:06:52,18236675
2020-02-26 06:04:18,18238012.5
2020-02-27 01:16:24,18239337.5
2020-02-27 17:38:30,18240662.5
2020-02-28 10:28:28,18241987.5
2020-02-29 02:58:13,18243312.5
2020-02-29 19:34:19,18244637.5
2020-03-01 11:33:37,18245962.5
2020-03-02 03:19:35,18247287.5
2020-03-02 20:00:27,18248625
2020-03-03 12:20:43,18249950
2020-03-04 05:14:04,18251287.5
2020-03-04 20:21:34,18252625
2020-03-05 10:19:15,18253950
2020-03-06 02:38:40,18255287.5
2020-03-06 20:51:38,18256612.5
2020-03-07 12:36:27,18257950
2020-03-08 05:48:08,18259275
2020-03-08 20:33:57,18260612.5
2020-03-09 13:02:30,18261937.5
2020-03-10 07:23:53,18263262.5
2020-03-11 02:09:31,18264587.5
2020-03-12 00:23:58,18265912.5
2020-03-12 17:08:45,18267262.5
2020-03-13 13:29:40,18268600
2020-03-14 07:38:31,18269937.5
2020-03-15 05:46:15,18271262.5
2020-03-16 02:23:29,18272587.5
2020-03-17 00:25:27,18273925
2020-03-17 22:04:42,18275250
2020-03-18 22:09:55,18276575
2020-03-19 21:58:59,18277900
2020-03-20 21:35:09,18279237.5
2020-03-21 18:46:06,18280562.5
2020-03-22 14:08:12,18281887.5
2020-03-23 13:23:21,18283212.5
2020-03-24 09:54:40,18284537.5
2020-03-25 06:08:14,18285875
2020-03-26 06:24:31,18287200
2020-03-26 21:47:04,18288525
2020-03-27 12:41:00,18289862.5
2020-03-28 05:31:29,18291200
2020-03-29 03:48:30,18292537.5
2020-03-29 20:42:03,18293875
2020-03-30 13:53:43,18295200
2020-03-31 06:04:20,18296525
2020-03-31 22:50:31,18297862.5
2020-04-01 15:07:28,18299187.5
2020-04-02 08:37:18,18300525
2020-04-03 01:13:05,18301850
2020-04-03 19:46:17,18303175
2020-04-04 13:44:44,18304512.5
2020-04-05 04:37:15,18305837.5
2020-04-05 20:32:19,18307162.5
2020-04-06 13:59:07,18308487.5
2020-04-07 06:22:03,18309812.5
2020-04-07 22:07:35,18311137.5
2020-04-08 16:04:21,18312475
2020-04-09 08:32:00,18313800
2020-04-10 01:06:17,18315125
2020-04-10 16:47:15,18316450
2020-04-11 08:47:43,18317775
2020-04-12 01:03:16,18319112.5
2020-04-12 16:38:15,18320437.5
2020-04-13 09:29:40,18321762.5
2020-04-14 00:03:39,18323100
2020-04-14 14:42:53,18324425
2020-04-15 06:20:19,18325750
2020-04-15 21:23:50,18327075
2020-04-16 13:27:39,18328400
2020-04-17 07:24:46,18329725
2020-04-18 03:33:26,18331062.5
2020-04-18 18:49:04,18332387.5
2020-04-19 12:38:45,18333712.5
2020-04-20 04:05:07,18335037.5
2020-04-20 21:02:18,18336362.5
2020-04-21 14:22:49,18337725
2020-04-22 05:37:54,18339050
2020-04-23 03:05:06,18340375
2020-04-23 19:42:10,18341700
2020-04-24 13:49:29,18343037.5
2020-04-25 10:15:58,18344362.5
2020-04-26 02:49:21,18345687.5
2020-04-26 20:35:30,18347025
2020-04-27 14:55:43,18348362.5
2020-04-28 09:01:29,18349687.5
2020-04-29 01:23:20,18351012.5
2020-04-29 18:40:21,18352350
2020-04-30 16:24:12,18353687.5
2020-05-01 11:29:42,18355050
2020-05-02 02:52:54,18356412.5
2020-05-02 20:25:52,18357737.5
2020-05-03 10:59:05,18359075
2020-05-04 03:34:57,18360400
2020-05-04 19:48:45,18361725
2020-05-05 12:58:53,18363050
2020-05-06 04:47:35,18364375
2020-05-06 20:02:58,18365750
2020-05-07 15:15:08,18367075
2020-05-08 08:59:41,18368412.5
2020-05-09 03:11:23,18369737.5
2020-05-09 22:39:02,18371062.5
2020-05-10 14:03:04,18372387.5
2020-05-11 03:16:58,18373737.5
2020-05-11 20:47:38,18375037.5
2020-05-12 13:15:21,18375700
2020-05-13 10:21:53,18376368.75
2020-05-14 09:33:08,18377031.25
2020-05-15 05:42:44,18377693.75
2020-05-16 02:00:03,18378356.25
2020-05-16 21:33:56,18379018.75
2020-05-17 23:26:19,18379681.25
2020-05-18 18:23:20,18380350
2020-05-19 17:38:51,18381031.25
2020-05-20 15:18:51,18381693.75
2020-05-21 11:03:16,18382356.25
2020-05-22 08:38:16,18383018.75
2020-05-23 06:13:43,18383681.25
2020-05-24 03:26:12,18384343.75
2020-05-25 01:30:58,18385006.25
2020-05-25 20:44:32,18385668.75
2020-05-26 20:00:06,18386331.25
2020-05-27 15:40:34,18387000
2020-05-28 09:19:29,18387681.25
2020-05-29 03:36:05,18388343.75
2020-05-30 00:53:57,18389012.5
2020-05-30 17:48:54,18389675
2020-05-31 09:52:04,18390337.5
2020-06-01 04:46:51,18391000
2020-06-01 23:05:51,18391668.75
2020-06-02 18:13:42,18392331.25
2020-06-03 13:17:34,18392993.75
2020-06-04 05:39:22,18393656.25
2020-06-04 23:11:36,18394318.75
2020-06-05 13:11:47,18394981.25
2020-06-06 04:33:11,18395650
2020-06-06 16:34:57,18396325
2020-06-07 06:57:47,18396993.75
2020-06-07 22:51:37,18397656.25
2020-06-08 15:39:51,18398325
2020-06-09 07:08:00,18398993.75
2020-06-09 23:08:08,18399656.25
2020-06-10 14:16:59,18400318.75
2020-06-11 05:44:56,18400981.25
2020-06-11 19:20:08,18401643.75
2020-06-12 11:29:14,18402306.25
2020-06-13 01:18:42,18402968.75
2020-06-13 17:47:56,18403631.25
2020-06-14 10:23:47,18404306.25
2020-06-15 01:17:40,18404975
2020-06-15 19:20:08,18405637.5
2020-06-16 12:17:41,18406312.5
2020-06-17 08:59:28,18406975
2020-06-18 01:05:00,18407643.75
2020-06-18 20:09:29,18408306.25
2020-06-19 16:17:12,18408968.75
2020-06-20 10:04:39,18409631.25
2020-06-21 05:07:28,18410293.75
2020-06-21 21:28:42,18410968.75
2020-06-22 14:43:22,18411637.5
2020-06-23 09:50:01,18412300
2020-06-24 01:31:02,18412962.5
2020-06-24 18:58:23,18413625
2020-06-25 14:02:59,18414287.5
2020-06-26 08:34:32,18414956.25
2020-06-26 22:25:29,18415625
2020-06-27 17:20:53,18416287.5
2020-06-28 10:21:24,18416950
2020-06-29 02:54:54,18417612.5
2020-06-29 20:34:49,18418275
2020-06-30 12:35:12,18418937.5
2020-07-01 06:47:07,18419606.25
2020-07-01 22:52:07,18420275
2020-07-02 13:04:30,18420937.5
2020-07-03 06:51:35,18421606.25
2020-07-03 22:10:05,18422268.75
2020-07-04 12:57:48,18422931.25
2020-07-05 06:50:56,18423593.75
2020-07-05 21:06:50,18424256.25
2020-07-06 13:51:22,18424918.75
2020-07-07 04:48:59,18425593.75
2020-07-07 21:25:31,18426262.5
2020-07-08 14:44:44,18426925
2020-07-09 07:15:48,18427600
2020-07-09 22:30:08,18428262.5
2020-07-10 15:15:09,18428931.25
2020-07-11 07:02:21,18429593.75
2020-07-11 23:29:23,18430256.25
2020-07-12 17:06:45,18430918.75
2020-07-13 07:13:54,18431581.25
2020-07-14 02:34:45,18432243.75
2020-07-14 19:22:30,18432912.5
2020-07-15 12:27:48,18433575
2020-07-16 07:59:30,18434237.5
2020-07-17 02:58:45,18434900
2020-07-18 01:26:58,18435562.5
2020-07-18 22:02:23,18436231.25
2020-07-19 16:38:03,18436900
2020-07-20 09:31:01,18437562.5
2020-07-21 04:50:58,18438225
2020-07-22 02:24:56,18438887.5
2020-07-22 19:47:39,18439550
2020-07-23 14:23:08,18440212.5
2020-07-24 08:38:30,18440875
2020-07-24 23:43:03,18441537.5
2020-07-25 16:53:28,18442206.25
2020-07-26 09:37:17,18442875
2020-07-27 01:51:50,18443537.5
2020-07-27 18:08:26,18444206.25
2020-07-28 13:48:22,18444868.75
2020-07-29 05:34:41,18445531.25
2020-07-29 23:22:47,18446193.75
2020-07-30 18:01:55,18446856.25
2020-07-31 12:01:18,18447518.75
2020-08-01 05:21:50,18448181.25
2020-08-01 23:55:43,18448843.75
2020-08-02 18:03:41,18449506.25
2020-08-03 12:27:41,18450168.75
2020-08-04 02:12:05,18450831.25
2020-08-04 20:56:58,18451493.75
2020-08-05 15:01:52,18452156.25
2020-08-06 08:14:38,18452818.75
2020-08-07 01:14:00,18453481.25
2020-08-07 17:51:35,18454150
2020-08-08 11:28:37,18454812.5
2020-08-09 05:20:43,18455475
2020-08-09 21:08:04,18456137.5
2020-08-10 17:04:10,18456800
2020-08-11 08:40:52,18457462.5
2020-08-12 01:38:37,18458125
2020-08-12 19:25:00,18458787.5
2020-08-13 10:05:33,18459450
2020-08-14 03:21:14,18460112.5
2020-08-14 19:24:38,18460781.25
2020-08-15 11:14:02,18461450
2020-08-16 01:55:01,18462112.5
2020-08-16 19:06:57,18462781.25
2020-08-17 14:10:04,18463443.75
2020-08-18 10:54:18,18464106.25
2020-08-19 04:20:57,18464775
2020-08-19 23:16:33,18465437.5
2020-08-20 16:14:15,18466100
2020-08-21 08:51:48,18466762.5
2020-08-22 02:38:21,18467425
2020-08-22 21:31:54,18468093.75
2020-08-23 13:50:27,18468756.25
2020-08-24 05:55:43,18469425
2020-08-24 23:11:11,18470087.5
2020-08-25 19:21:59,18470756.25
2020-08-26 11:56:38,18471418.75
2020-08-27 09:05:06,18472087.5
2020-08-28 04:04:22,18472750
2020-08-28 19:10:00,18473418.75
2020-08-29 11:46:12,18474081.25
2020-08-30 06:59:20,18474743.75
2020-08-31 03:29:56,18475406.25
2020-08-31 17:38:26,18476075
2020-09-01 12:13:16,18476737.5
2020-09-02 03:47:08,18477400
2020-09-02 22:20:52,18478068.75
2020-09-03 19:03:57,18478731.25
2020-09-04 12:14:30,18479400
2020-09-05 09:07:16,18480062.5
2020-09-06 03:05:16,18480731.25
2020-09-06 18:06:40,18481393.75
2020-09-07 11:49:29,18482068.75
2020-09-08 01:23:19,18482731.25
2020-09-08 17:47:22,18483393.75
2020-09-09 09:10:54,18484056.25
2020-09-10 05:22:50,18484718.75
2020-09-10 19:42:28,18485381.25
2020-09-11 13:11:32,18486050
2020-09-12 07:18:25,18486718.75
2020-09-12 20:57:51,18487381.25
2020-09-13 12:20:17,18488043.75
2020-09-14 03:14:47,18488706.25
2020-09-14 18:12:24,18489375
2020-09-15 11:10:29,18490037.5
2020-09-16 02:41:21,18490700
2020-09-16 19:13:14,18491362.5
2020-09-17 10:26:28,18492025
2020-09-18 00:40:49,18492687.5
2020-09-18 14:56:20,18493350
2020-09-19 08:53:25,18494012.5
2020-09-20 02:09:46,18494675
2020-09-20 19:38:34,18495337.5
2020-09-21 10:47:18,18496000
2020-09-22 06:59:12,18496662.5
2020-09-23 02:21:14,18497325
2020-09-23 21:54:18,18497987.5
2020-09-24 14:44:04,18498650
2020-09-25 07:57:05,18499331.25
2020-09-25 23:34:42,18500000
2020-09-26 17:16:45,18500668.75
2020-09-27 10:22:25,18501337.5
2020-09-28 03:29:03,18502006.25
2020-09-28 22:09:49,18502668.75
2020-09-29 15:48:46,18503337.5
2020-09-30 10:28:26,18504000
2020-10-01 01:28:21,18504662.5
2020-10-01 23:20:54,18505325
2020-10-02 18:06:18,18505987.5
2020-10-03 09:38:36,18506650
2020-10-04 03:24:58,18507318.75
2020-10-04 20:03:37,18507981.25
2020-10-05 14:08:40,18508650
2020-10-06 07:42:07,18509318.75
2020-10-07 05:19:10,18509987.5
2020-10-07 19:52:14,18510650
2020-10-08 11:17:50,18511318.75
2020-10-09 05:28:45,18511981.25
2020-10-09 23:44:53,18512643.75
2020-10-10 18:15:02,18513312.5
2020-10-11 10:57:19,18513981.25
2020-10-12 05:24:16,18514643.75
2020-10-12 21:55:29,18515306.25
2020-10-13 15:12:47,18515975
2020-10-14 05:00:44,18516637.5
2020-10-14 22:48:41,18517306.25
2020-10-15 16:43:24,18517975
2020-10-16 10:03:12,18518637.5
2020-10-17 01:11:50,18519300
2020-10-17 17:57:21,18519968.75
2020-10-18 12:21:44,18520631.25
2020-10-19 10:08:21,18521300
2020-10-20 03:15:16,18521962.5
2020-10-20 23:29:12,18522625
2020-10-21 17:49:00,18523293.75
2020-10-22 13:34:40,18523968.75
2020-10-23 09:56:45,18524637.5
2020-10-24 03:53:28,18525306.25
2020-10-24 20:44:44,18525968.75
2020-10-25 16:36:36,18526631.25
2020-10-26 14:27:59,18527293.75
2020-10-27 16:53:01,18527956.25
2020-10-28 18:17:27,18528618.75
2020-10-29 17:41:25,18529281.25
2020-10-30 15:00:31,18529943.75
2020-10-31 17:51:13,18530606.25
2020-11-01 12:27:36,18531268.75
2020-11-02 11:25:54,18531937.5
2020-11-03 09:52:58,18532600
2020-11-04 02:28:26,18533262.5
2020-11-04 19:20:09,18533925
2020-11-05 12:27:34,18534587.5
2020-11-06 06:44:57,18535281.25
2020-11-06 22:51:47,18535950
2020-11-07 15:48:58,18536612.5
2020-11-08 09:56:59,18537275
2020-11-09 03:11:00,18537950
2020-11-09 16:41:36,18538618.75
2020-11-10 10:00:19,18539281.25
2020-11-11 03:35:12,18539943.75
2020-11-11 20:20:05,18540606.25
2020-11-12 14:23:09,18541275
2020-11-13 05:40:30,18541937.5
2020-11-13 23:50:19,18542606.25
2020-11-14 17:08:44,18543281.25
2020-11-15 11:20:48,18543943.75
2020-11-16 03:02:19,18544606.25
2020-11-16 18:40:43,18545268.75
2020-11-17 11:43:19,18545931.25
2020-11-18 03:42:58,18546593.75
2020-11-18 17:45:50,18547262.5
2020-11-19 13:43:12,18547931.25
2020-11-20 04:50:27,18548593.75
2020-11-20 20:37:29,18549256.25
2020-11-21 12:06:35,18549918.75
2020-11-22 02:51:15,18550587.5
2020-11-22 16:48:12,18551250
2020-11-23 09:05:28,18551912.5
2020-11-24 03:55:15,18552575
2020-11-24 22:08:36,18553237.5
2020-11-25 14:49:12,18553900
2020-11-26 07:23:47,18554568.75
2020-11-27 00:16:30,18555231.25
2020-11-27 18:10:04,18555900
2020-11-28 08:43:37,18556562.5
2020-11-29 01:47:32,18557225
2020-11-29 19:03:15,18557900
2020-11-30 17:21:24,18558562.5
2020-12-01 08:53:17,18559225
2020-12-02 06:46:54,18559893.75
2020-12-02 23:59:07,18560556.25
2020-12-03 16:16:47,18561218.75
2020-12-04 09:44:56,18561881.25
2020-12-05 01:42:10,18562550
2020-12-05 21:16:02,18563212.5
2020-12-06 17:11:59,18563875
2020-12-07 06:59:57,18564537.5
2020-12-08 01:20:16,18565206.25
2020-12-08 20:09:06,18565875
2020-12-09 14:55:32,18566537.5
2020-12-10 11:43:50,18567206.25
2020-12-11 04:26:06,18567868.75
2020-12-11 23:38:05,18568537.5
2020-12-12 18:43:53,18569206.25
2020-12-13 12:23:27,18569868.75
2020-12-14 04:07:07,18570537.5
2020-12-14 22:21:12,18571200
2020-12-15 16:51:31,18571868.75
2020-12-16 09:09:18,18572531.25
2020-12-17 06:17:55,18573200
2020-12-18 00:31:30,18573868.75
2020-12-18 17:24:30,18574531.25
2020-12-19 08:49:45,18575200
2020-12-20 00:57:19,18575862.5
2020-12-20 17:32:37,18576525
2020-12-21 11:32:10,18577187.5
2020-12-22 05:14:23,18577862.5
2020-12-23 00:53:27,18578525
2020-12-23 16:28:46,18579187.5
2020-12-24 09:22:15,18579850
2020-12-25 05:32:11,18580512.5
2020-12-26 00:38:56,18581181.25
2020-12-26 18:35:57,18581843.75
2020-12-27 12:29:07,18582506.25
2020-12-28 04:45:25,18583168.75
2020-12-28 21:05:09,18583831.25
2020-12-29 14:47:43,18584500
2020-12-30 05:24:28,18585162.5
2020-12-30 20:05:52,18585837.5
2020-12-31 12:52:15,18586500
2021-01-01 04:17:44,18587162.5
2021-01-01 20:58:56,18587825
2021-01-02 14:42:58,18588500
2021-01-03 07:10:38,18589162.5
2021-01-03 23:01:57,18589825
2021-01-04 13:56:50,18590500
2021-01-05 05:04:16,18591168.75
2021-01-05 21:59:44,18591831.25
2021-01-06 12:13:20,18592493.75
2021-01-07 02:20:21,18593156.25
2021-01-07 18:23:06,18593825
2021-01-08 12:27:11,18594487.5
2021-01-09 03:35:38,18595150
2021-01-09 22:19:05,18595825
2021-01-10 15:20:39,18596487.5
2021-01-11 06:36:21,18597150
2021-01-11 23:27:18,18597812.5
2021-01-12 16:25:50,18598481.25
2021-01-13 09:37:51,18599143.75
2021-01-14 01:59:30,18599806.25
2021-01-14 19:56:15,18600468.75
2021-01-15 13:47:01,18601143.75
2021-01-16 04:47:07,18601806.25
2021-01-17 00:09:27,18602481.25
2021-01-17 19:34:55,18603143.75
2021-01-18 11:54:56,18603812.5
2021-01-19 05:14:23,18604475
2021-01-19 23:10:38,18605143.75
2021-01-20 17:16:34,18605806.25
2021-01-21 14:13:02,18606468.75
2021-01-22 06:13:10,18607131.25
2021-01-23 01:59:55,18607793.75
2021-01-23 18:50:09,18608456.25
2021-01-24 10:38:30,18609125
2021-01-25 05:17:34,18609787.5
2021-01-25 23:53:55,18610456.25
2021-01-26 15:41:07,18611125
2021-01-27 09:59:01,18611787.5
2021-01-28 03:06:20,18612450
2021-01-28 19:15:03,18613112.5
2021-01-29 13:29:27,18613781.25
2021-01-30 04:57:02,18614443.75
2021-01-31 01:24:59,18615106.25
2021-01-31 18:51:28,18615768.75
2021-02-01 15:05:23,18616431.25
2021-02-02 10:30:26,18617100
2021-02-03 01:37:45,18617768.75
2021-02-03 19:12:21,18618431.25
2021-02-04 11:11:41,18619093.75
2021-02-05 02:42:39,18619756.25
2021-02-05 18:39:55,18620425
2021-02-06 10:58:07,18621100
2021-02-07 02:53:38,18621762.5
2021-02-07 18:42:14,18622425
2021-02-08 11:38:42,18623087.5
2021-02-09 03:43:46,18623762.5
2021-02-09 21:58:27,18624425
2021-02-10 14:41:07,18625100
2021-02-11 10:34:40,18625768.75
2021-02-12 05:44:55,18626443.75
2021-02-13 00:02:29,18627118.75
2021-02-13 15:39:19,18627781.25
2021-02-14 07:24:33,18628443.75
2021-02-15 01:59:15,18629106.25
2021-02-15 18:32:48,18629775
2021-02-16 16:26:14,18630437.5
2021-02-17 11:09:30,18631100
2021-02-18 03:11:50,18631762.5
2021-02-18 23:52:15,18632437.5
2021-02-19 15:42:49,18633100
2021-02-20 09:02:06,18633762.5
2021-02-21 02:38:54,18634425
2021-02-21 19:45:04,18635093.75
2021-02-22 14:39:31,18635756.25
2021-02-23 12:31:25,18636425
2021-02-24 06:45:07,18637087.5
2021-02-24 22:19:13,18637756.25
2021-02-25 13:42:52,18638418.75
2021-02-26 09:34:48,18639093.75
2021-02-27 01:38:08,18639756.25
2021-02-27 17:01:42,18640418.75
2021-02-28 13:34:22,18641081.25
2021-03-01 09:18:47,18641743.75
2021-03-02 03:26:40,18642406.25
2021-03-02 20:32:52,18643075
2021-03-03 13:30:18,18643743.75
2021-03-04 07:00:59,18644412.5
2021-03-05 04:01:21,18645075
2021-03-05 21:22:56,18645737.5
2021-03-06 11:59:01,18646400
2021-03-07 08:06:50,18647062.5
2021-03-07 23:52:54,18647725
2021-03-08 16:22:33,18648387.5
2021-03-09 09:36:20,18649050
2021-03-10 04:22:11,18649712.5
2021-03-10 21:08:10,18650375
2021-03-11 16:20:31,18651037.5
2021-03-12 09:53:18,18651700
2021-03-13 02:47:58,18652362.5
2021-03-13 20:49:55,18653025
2021-03-14 12:37:25,18653687.5
2021-03-15 06:19:30,18654350
2021-03-15 22:55:54,18655012.5
2021-03-16 15:56:55,18655675
2021-03-17 09:03:28,18656343.75
2021-03-18 04:11:10,18657006.25
2021-03-18 21:23:19,18657675
2021-03-19 15:19:26,18658343.75
2021-03-20 07:18:16,18659006.25
2021-03-20 23:43:24,18659668.75
2021-03-21 16:53:22,18660331.25
2021-03-22 09:39:33,18661000
2021-03-23 01:34:41,18661668.75
2021-03-23 18:13:24,18662337.5
2021-03-24 09:08:18,18663000
2021-03-25 03:27:55,18663662.5
2021-03-25 18:46:23,18664337.5
2021-03-26 14:58:33,18665000
2021-03-27 06:34:08,18665662.5
2021-03-27 23:38:25,18666331.25
2021-03-28 16:20:06,18666993.75
2021-03-29 08:54:05,18667662.5
2021-03-30 03:05:08,18668331.25
2021-03-30 19:07:46,18668993.75
2021-03-31 13:41:13,18669656.25
2021-04-01 04:08:34,18670318.75
2021-04-01 21:35:51,18670981.25
2021-04-02 14:37:56,18671643.75
2021-04-03 10:18:50,18672306.25
2021-04-04 04:42:54,18672975
2021-04-04 23:10:58,18673637.5
2021-04-05 15:34:21,18674300
2021-04-06 09:30:38,18674962.5
2021-04-07 02:55:56,18675625
2021-04-07 19:00:28,18676287.5
2021-04-08 11:17:16,18676950
2021-04-09 08:05:29,18677612.5
2021-04-09 23:27:04,18678281.25
2021-04-10 15:42:15,18678943.75
2021-04-11 09:53:45,18679606.25
2021-04-12 02:26:57,18680275
2021-04-12 20:07:41,18680937.5
2021-04-13 13:38:49,18681600
2021-04-14 09:40:11,18682262.5
2021-04-15 02:17:24,18682931.25
2021-04-15 18:06:41,18683612.5
2021-04-16 12:51:34,18684275
2021-04-17 14:00:06,18684937.5
2021-04-18 12:40:16,18685612.5
2021-04-19 16:44:08,18686281.25
2021-04-20 13:18:09,18686943.75
2021-04-21 13:17:05,18687612.5
2021-04-22 11:38:00,18688275
2021-04-23 04:22:50,18688937.5
2021-04-23 22:07:42,18689600
2021-04-24 17:36:58,18690262.5
2021-04-25 10:36:12,18690925
2021-04-26 03:15:59,18691587.5
2021-04-27 02:27:06,18692256.25
2021-04-27 19:39:48,18692918.75
2021-04-28 13:17:52,18693581.25
2021-04-29 09:28:53,18694243.75
2021-04-30 05:29:27,18694912.5
2021-04-30 23:34:09,18695581.25
2021-05-01 18:53:12,18696250
2021-05-02 09:19:37,18696912.5
2021-05-02 22:50:59,18697575
2021-05-03 13:17:18,18698237.5
2021-05-04 02:57:22,18698906.25
2021-05-04 18:29:41,18699568.75
2021-05-05 09:33:19,18700231.25
2021-05-06 01:19:22,18700900
2021-05-06 18:36:23,18701562.5
2021-05-07 07:08:36,18702225
2021-05-07 22:45:04,18702906.25
2021-05-08 12:57:00,18703568.75
2021-05-09 03:01:04,18704231.25
2021-05-09 15:29:46,18704893.75
2021-05-10 06:05:45,18705556.25
2021-05-10 20:56:03,18706218.75
2021-05-11 11:52:52,18706881.25
2021-05-12 02:56:53,18707543.75
2021-05-12 18:12:27,18708206.25
2021-05-13 08:12:10,18708868.75
2021-05-14 00:46:13,18709531.25
2021-05-14 20:56:51,18710193.75
2021-05-15 16:25:22,18710862.5
2021-05-16 12:37:56,18711525
2021-05-17 09:56:35,18712187.5
2021-05-18 06:33:34,18712850
2021-05-19 06:33:46,18713518.75
2021-05-20 04:03:06,18714187.5
2021-05-21 01:55:48,18714850
2021-05-22 01:58:45,18715512.5
2021-05-22 23:44:22,18716175
2021-05-23 19:42:45,18716837.5
2021-05-24 16:45:53,18717500
2021-05-25 12:25:40,18718162.5
2021-05-26 11:57:39,18718825
2021-05-27 06:29:47,18719487.5
2021-05-28 04:33:35,18720150
2021-05-29 02:46:56,18720812.5
2021-05-30 00:10:06,18721475
2021-05-30 17:31:53,18722137.5
2021-05-31 12:22:57,18722806.25
2021-06-01 05:56:23,18723468.75
2021-06-01 23:59:21,18724131.25
2021-06-02 14:31:59,18724800
2021-06-03 08:08:15,18725462.5
2021-06-04 00:56:00,18726125
2021-06-04 21:03:45,18726787.5
2021-06-05 16:23:53,18727456.25
2021-06-06 10:19:52,18728118.75
2021-06-07 04:07:46,18728781.25
2021-06-07 23:22:46,18729456.25
2021-06-08 15:43:02,18730118.75
2021-06-09 07:19:03,18730787.5
2021-06-10 08:05:19,18731456.25
2021-06-11 05:00:45,18732118.75
2021-06-12 04:22:16,18732787.5
2021-06-13 00:37:34,18733450
2021-06-13 20:18:19,18734118.75
2021-06-14 15:20:37,18734793.75
2021-06-15 10:06:59,18735456.25
2021-06-16 07:30:00,18736118.75
2021-06-17 03:37:21,18736781.25
2021-06-17 21:42:45,18737443.75
2021-06-18 18:09:07,18738106.25
2021-06-19 18:31:20,18738768.75
2021-06-20 17:20:44,18739431.25
2021-06-21 19:28:17,18740093.75
2021-06-22 21:39:02,18740756.25
2021-06-23 23:48:24,18741425
2021-06-24 23:54:44,18742087.5
2021-06-25 22:32:10,18742750
2021-06-27 06:37:50,18743412.5
2021-06-28 17:24:09,18744075
2021-06-29 20:58:41,18744737.5
2021-07-01 01:10:56,18745400
2021-07-02 03:14:02,18746062.5
2021-07-03 07:03:00,18746725
2021-07-04 03:09:57,18747387.5
2021-07-05 00:14:50,18748050
2021-07-05 19:00:31,18748712.5
2021-07-06 14:18:27,18749375
2021-07-07 08:37:48,18750037.5
2021-07-08 05:28:20,18750706.25
2021-07-08 23:26:38,18751368.75
2021-07-09 19:55:08,18752031.25
2021-07-10 10:24:12,18752693.75
2021-07-11 05:20:30,18753356.25
2021-07-12 01:06:36,18754025
2021-07-12 21:21:16,18754693.75
2021-07-13 16:34:15,18755356.25
2021-07-14 10:27:34,18756018.75
2021-07-14 23:57:32,18756687.5
2021-07-15 19:49:30,18757350
2021-07-16 13:12:10,18758012.5
2021-07-17 05:40:51,18758675
2021-07-18 00:31:41,18759337.5
2021-07-18 16:23:36,18760000
2021-07-19 10:46:30,18760662.5
2021-07-20 02:28:31,18761325
2021-07-20 22:41:19,18761993.75
2021-07-21 14:43:38,18762656.25
2021-07-22 09:50:13,18763318.75
2021-07-23 01:46:07,18763993.75
2021-07-23 20:27:52,18764656.25
2021-07-24 14:40:40,18765318.75
2021-07-25 06:31:59,18765981.25
2021-07-25 23:24:20,18766643.75
2021-07-26 14:53:42,18767306.25
2021-07-27 08:08:08,18767968.75
2021-07-27 23:08:59,18768631.25
2021-07-28 13:42:27,18769293.75
2021-07-29 09:07:14,18769956.25
2021-07-29 23:26:06,18770625
2021-07-30 14:32:23,18771293.75
2021-07-31 06:31:45,18771956.25
2021-07-31 22:44:27,18772618.75
2021-08-01 14:34:31,18773281.25
2021-08-02 09:43:19,18773950
2021-08-03 00:56:35,18774612.5
2021-08-03 16:53:01,18775281.25
2021-08-04 10:26:27,18775943.75
2021-08-05 05:15:21,18776606.25
2021-08-05 19:57:51,18777268.75
2021-08-06 12:07:03,18777931.25
2021-08-07 03:41:34,18778593.75
2021-08-07 19:30:48,18779256.25
2021-08-08 11:54:30,18779918.75
2021-08-09 03:34:31,18780581.25
2021-08-09 18:56:47,18781243.75
2021-08-10 11:59:43,18781906.25
2021-08-11 03:02:05,18782575
2021-08-11 19:55:56,18783237.5
2021-08-12 13:53:36,18783900
2021-08-13 06:30:48,18784562.5
2021-08-14 00:23:45,18785225
2021-08-14 15:24:54,18785887.5
2021-08-15 08:21:29,18786550
2021-08-15 21:04:21,18787212.5
2021-08-16 12:06:22,18787875
2021-08-17 04:06:56,18788537.5
2021-08-17 18:47:39,18789206.25
2021-08-18 12:16:02,18789875
2021-08-19 07:20:11,18790537.5
2021-08-19 23:11:24,18791200
2021-08-20 13:00:24,18791862.5
2021-08-21 06:15:28,18792525
2021-08-21 20:51:53,18793187.5
2021-08-22 11:53:27,18793850
2021-08-23 04:38:43,18794512.5
2021-08-23 17:35:29,18795181.25
2021-08-24 06:58:31,18795843.75
2021-08-24 23:32:43,18796512.5
2021-08-25 16:06:18,18797175
2021-08-26 07:50:35,18797843.75
2021-08-27 01:25:25,18798506.25
2021-08-27 19:52:14,18799168.75
2021-08-28 11:26:22,18799831.25
2021-08-29 04:43:53,18800493.75
2021-08-29 22:09:12,18801162.5
2021-08-30 16:53:52,18801825
2021-08-31 09:46:39,18802487.5
2021-09-01 05:07:56,18803150
2021-09-02 00:07:15,18803812.5
2021-09-02 15:47:19,18804475
2021-09-03 10:16:03,18805137.5
2021-09-04 03:04:39,18805800
2021-09-04 19:56:32,18806462.5
2021-09-05 10:41:08,18807125
2021-09-06 03:00:30,18807793.75
2021-09-06 17:55:39,18808456.25
2021-09-07 07:58:39,18809118.75
2021-09-08 03:08:23,18809793.75
2021-09-08 20:42:51,18810456.25
2021-09-09 14:44:06,18811118.75
2021-09-10 08:20:22,18811781.25
2021-09-11 03:07:50,18812443.75
2021-09-11 21:04:33,18813106.25
2021-09-12 14:13:41,18813768.75
2021-09-13 06:29:50,18814437.5
2021-09-13 23:44:41,18815100
2021-09-14 14:22:57,18815762.5
2021-09-15 07:41:04,18816431.25
2021-09-16 00:53:56,18817093.75
2021-09-16 20:30:44,18817756.25
2021-09-17 14:21:31,18818425
2021-09-18 05:57:45,18819093.75
2021-09-18 22:54:03,18819756.25
2021-09-19 13:49:15,18820418.75
2021-09-20 06:04:51,18821081.25
2021-09-20 21:41:30,18821743.75
2021-09-21 16:33:15,18822406.25
2021-09-22 13:22:04,18823068.75
2021-09-23 07:47:41,18823731.25
2021-09-23 22:18:12,18824393.75
2021-09-24 16:12:05,18825056.25
2021-09-25 06:33:39,18825718.75
2021-09-26 02:19:21,18826381.25
2021-09-26 20:48:22,18827050
2021-09-27 13:39:24,18827718.75
2021-09-28 06:31:41,18828381.25
2021-09-28 23:36:09,18829043.75
2021-09-29 17:40:37,18829706.25
2021-09-30 11:30:39,18830368.75
2021-10-01 01:33:30,18831031.25
2021-10-01 19:51:00,18831693.75
2021-10-02 09:32:06,18832356.25
2021-10-03 00:46:01,18833018.75
2021-10-03 16:43:13,18833681.25
2021-10-04 11:26:08,18834343.75
2021-10-05 01:51:05,18835006.25
2021-10-05 18:11:29,18835668.75
2021-10-06 09:55:56,18836331.25
2021-10-07 07:09:57,18836993.75
2021-10-08 00:06:15,18837656.25
2021-10-08 20:53:32,18838318.75
2021-10-09 15:05:42,18838981.25
2021-10-10 07:55:56,18839643.75
2021-10-10 23:45:12,18840306.25
2021-10-11 18:15:56,18840968.75
2021-10-12 10:22:45,18841631.25
2021-10-13 04:38:37,18842293.75
2021-10-13 20:37:11,18842956.25
2021-10-14 13:32:57,18843631.25
2021-10-15 08:46:16,18844300
2021-10-16 02:15:00,18844962.5
2021-10-16 21:51:57,18845625
2021-10-17 13:51:28,18846287.5
2021-10-18 05:57:12,18846950
2021-10-18 23:35:20,18847612.5
2021-10-19 17:22:21,18848275
2021-10-20 07:43:07,18848937.5
2021-10-21 02:42:36,18849600
2021-10-21 18:59:14,18850262.5
2021-10-22 12:13:50,18850931.25
2021-10-23 03:15:07,18851593.75
2021-10-23 21:00:08,18852256.25
2021-10-24 14:51:49,18852918.75
2021-10-25 06:26:18,18853593.75
2021-10-25 20:07:36,18854256.25
2021-10-26 12:23:03,18854918.75
2021-10-27 06:27:38,18855581.25
2021-10-27 22:06:57,18856243.75
2021-10-28 13:15:19,18856906.25
2021-10-29 05:18:42,18857581.25
2021-10-29 20:46:55,18858243.75
2021-10-30 12:45:32,18858906.25
2021-10-31 04:31:38,18859568.75
2021-10-31 23:29:44,18860231.25
2021-11-01 16:12:18,18860893.75
2021-11-02 08:49:09,18861556.25
2021-11-03 00:47:24,18862218.75
2021-11-03 16:29:37,18862881.25
2021-11-04 10:22:45,18863543.75
2021-11-05 03:12:43,18864206.25
2021-11-05 20:34:43,18864868.75
2021-11-06 12:27:55,18865531.25
2021-11-07 04:43:54,18866193.75
2021-11-07 21:43:45,18866856.25
2021-11-08 14:40:05,18867525
2021-11-09 10:38:31,18868187.5
2021-11-10 02:18:02,18868850
2021-11-10 20:05:22,18869512.5
2021-11-11 10:58:48,18870175
2021-11-12 04:47:24,18870837.5
2021-11-12 22:30:44,18871500
2021-11-13 15:48:27,18872162.5
2021-11-14 07:56:31,18872837.5
2021-11-15 00:33:28,18873506.25
2021-11-15 16:41:51,18874168.75
2021-11-16 10:53:28,18874843.75
2021-11-17 04:05:25,18875506.25
2021-11-17 19:42:01,18876168.75
2021-11-18 14:22:05,18876831.25
2021-11-19 06:59:45,18877493.75
2021-11-20 02:20:05,18878156.25
2021-11-20 19:46:01,18878818.75
2021-11-21 16:04:15,18879487.5
2021-11-22 09:52:49,18880150
2021-11-23 04:24:14,18880812.5
2021-11-23 23:25:42,18881481.25
2021-11-24 14:27:55,18882150
2021-11-25 08:48:18,18882812.5
2021-11-26 07:01:19,18883475
2021-11-27 00:15:45,18884137.5
2021-11-27 17:50:25,18884800
2021-11-28 15:01:36,18885462.5
2021-11-29 06:48:12,18886125
2021-11-30 00:30:47,18886787.5
2021-11-30 18:49:38,18887450
2021-12-01 13:51:49,18888112.5
2021-12-02 06:29:17,18888775
2021-12-03 00:19:52,18889437.5
2021-12-03 15:04:04,18890106.25
2021-12-04 06:41:04,18890768.75
2021-12-04 23:33:47,18891431.25
2021-12-05 14:24:16,18892093.75
2021-12-06 07:00:10,18892756.25
2021-12-06 20:26:57,18893418.75
2021-12-07 14:21:48,18894081.25
2021-12-08 04:23:38,18894743.75
2021-12-08 19:17:24,18895406.25
2021-12-09 11:39:49,18896068.75
2021-12-10 03:21:58,18896731.25
2021-12-10 20:24:50,18897393.75
2021-12-11 12:54:47,18898056.25
2021-12-12 05:54:29,18898718.75
2021-12-12 23:33:27,18899381.25
2021-12-13 18:07:44,18900043.75
2021-12-14 11:34:42,18900706.25
2021-12-15 06:03:11,18901368.75
2021-12-15 22:26:40,18902031.25
2021-12-16 20:44:44,18902693.75
2021-12-17 13:49:05,18903356.25
2021-12-18 08:12:38,18904018.75
2021-12-19 03:13:33,18904681.25
2021-12-19 21:19:14,18905350
2021-12-20 15:14:50,18906012.5
2021-12-21 06:31:26,18906675
2021-12-22 00:01:23,18907343.75
2021-12-22 16:55:08,18908006.25
2021-12-23 09:58:31,18908675
2021-12-24 01:52:02,18909337.5
2021-12-24 19:12:46,18910000
2021-12-25 13:19:17,18910668.75
2021-12-26 05:50:13,18911331.25
2021-12-27 01:20:46,18911993.75
2021-12-27 20:02:23,18912656.25
2021-12-28 12:32:09,18913318.75
2021-12-29 07:19:31,18913981.25
2021-12-30 00:51:53,18914643.75
2021-12-30 22:25:16,18915306.25
2021-12-31 16:34:23,18915968.75
2022-01-01 06:45:21,18916631.25
2022-01-01 21:25:48,18917293.75
2022-01-02 12:00:57,18917962.5
2022-01-03 06:40:38,18918625
2022-01-04 02:13:43,18919287.5
2022-01-04 17:55:51,18919950
2022-01-05 11:23:34,18920612.5
2022-01-06 05:28:15,18921275
2022-01-06 22:47:05,18921937.5
2022-01-07 17:23:29,18922600
2022-01-08 10:56:43,18923262.5
2022-01-09 05:04:21,18923925
2022-01-09 22:36:47,18924587.5
2022-01-10 16:43:01,18925250
2022-01-11 10:14:14,18925912.5
2022-01-12 02:51:23,18926575
2022-01-12 20:15:57,18927237.5
2022-01-13 10:41:29,18927900
2022-01-14 01:49:25,18928562.5
2022-01-14 17:15:07,18929225
2022-01-15 07:31:19,18929887.5
2022-01-15 23:50:11,18930550
2022-01-16 15:11:10,18931212.5
2022-01-17 05:55:47,18931875
2022-01-17 21:04:11,18932537.5
2022-01-18 16:45:34,18933200
2022-01-19 08:29:21,18933868.75
2022-01-19 23:04:33,18934537.5
2022-01-20 12:08:47,18935212.5
2022-01-21 07:12:35,18935875
2022-01-22 03:11:41,18936537.5
2022-01-22 21:25:25,18937200
2022-01-23 14:57:02,18937862.5
2022-01-24 08:55:33,18938531.25
2022-01-25 01:50:01,18939193.75
2022-01-25 19:17:56,18939856.25
2022-01-26 14:33:58,18940525
2022-01-27 09:53:17,18941187.5
2022-01-28 03:22:24,18941850
2022-01-28 20:32:08,18942512.5
2022-01-29 14:43:26,18943175
2022-01-30 06:03:52,18943843.75
2022-01-30 23:50:24,18944506.25
2022-01-31 17:39:44,18945168.75
2022-02-01 11:00:31,18945831.25
2022-02-02 03:19:30,18946493.75
2022-02-02 19:34:37,18947156.25
2022-02-03 13:40:18,18947818.75
2022-02-04 06:11:52,18948487.5
2022-02-05 03:30:51,18949150
2022-02-06 00:06:57,18949812.5
2022-02-06 16:42:49,18950475
2022-02-07 10:32:20,18951137.5
2022-02-08 04:21:57,18951800
2022-02-08 19:49:53,18952468.75
2022-02-09 16:43:01,18953137.5
2022-02-10 08:33:04,18953800
2022-02-11 02:22:08,18954462.5
2022-02-11 20:56:00,18955131.25
2022-02-12 11:26:29,18955793.75
2022-02-13 00:30:35,18956456.25
2022-02-13 17:18:27,18957118.75
2022-02-14 07:24:58,18957781.25
2022-02-15 01:06:39,18958443.75
2022-02-15 14:36:24,18959106.25
2022-02-16 06:30:49,18959768.75
2022-02-16 23:49:32,18960437.5
2022-02-17 14:25:47,18961100
2022-02-18 10:49:05,18961762.5
2022-02-19 04:15:53,18962425
2022-02-19 21:21:57,18963087.5
2022-02-20 15:46:28,18963750
2022-02-21 11:07:28,18964412.5
2022-02-22 04:48:51,18965081.25
2022-02-22 22:17:40,18965750
2022-02-23 15:00:04,18966412.5
2022-02-24 10:21:25,18967075
2022-02-25 05:35:55,18967743.75
2022-02-26 01:13:14,18968425
2022-02-26 20:13:53,18969087.5
2022-02-27 17:20:35,18969750
2022-02-28 09:55:19,18970412.5
2022-03-01 02:42:02,18971075
2022-03-01 17:04:00,18971737.5
2022-03-02 10:04:44,18972400
2022-03-03 04:52:00,18973062.5
2022-03-03 22:06:03,18973725
2022-03-04 16:13:21,18974387.5
2022-03-05 11:32:01,18975056.25
2022-03-06 09:19:16,18975718.75
2022-03-07 03:06:58,18976381.25
2022-03-07 20:09:13,18977043.75
2022-03-08 14:56:55,18977706.25
2022-03-09 06:44:07,18978368.75
2022-03-10 01:09:46,18979031.25
2022-03-10 19:26:32,18979693.75
2022-03-11 13:13:02,18980356.25
2022-03-12 07:02:20,18981025
2022-03-12 23:12:25,18981687.5
2022-03-13 15:41:27,18982362.5
2022-03-14 08:30:19,18983025
2022-03-15 01:31:11,18983687.5
2022-03-15 20:29:09,18984350
2022-03-16 13:36:50,18985012.5
2022-03-17 05:49:46,18985681.25
2022-03-17 21:56:14,18986343.75
2022-03-18 14:09:54,18987006.25
2022-03-19 08:25:52,18987668.75
2022-03-20 00:43:53,18988331.25
2022-03-20 16:53:48,18988993.75
2022-03-21 09:24:25,18989656.25
2022-03-22 02:22:52,18990318.75
2022-03-22 18:59:41,18990981.25
2022-03-23 14:21:34,18991643.75
2022-03-24 05:59:54,18992306.25
2022-03-25 00:06:32,18992968.75
2022-03-25 17:10:06,18993631.25
2022-03-26 07:38:28,18994293.75
2022-03-27 00:34:44,18994962.5
2022-03-27 21:01:56,18995631.25
2022-03-28 15:08:52,18996293.75
2022-03-29 06:17:20,18996956.25
2022-03-29 23:04:43,18997618.75
2022-03-30 16:53:23,18998281.25
2022-03-31 10:47:59,18998943.75
2022-04-01 04:34:44,18999606.25
2022-04-02 01:04:16,19000268.75
2022-04-02 20:06:27,19000937.5
2022-04-03 14:32:06,19001600
2022-04-04 07:58:25,19002262.5
2022-04-04 23:18:34,19002925
2022-04-05 16:09:30,19003593.75
2022-04-06 10:26:38,19004262.5
2022-04-07 03:12:09,19004925
2022-04-07 22:43:51,19005593.75
2022-04-08 17:37:40,19006262.5
2022-04-09 12:21:04,19006925
2022-04-10 04:12:15,19007587.5
2022-04-10 22:16:00,19008250
2022-04-11 16:18:33,19008912.5
2022-04-12 09:13:12,19009575
2022-04-13 02:44:15,19010237.5
2022-04-13 21:45:24,19010900
2022-04-14 14:42:32,19011562.5
2022-04-15 08:32:52,19012225
2022-04-16 01:11:27,19012887.5
2022-04-16 20:37:15,19013550
2022-04-17 12:25:59,19014212.5
2022-04-18 04:19:28,19014875
2022-04-18 22:49:37,19015537.5
2022-04-19 20:15:09,19016212.5
2022-04-20 13:21:51,19016875
2022-04-21 05:19:46,19017537.5
2022-04-21 19:56:02,19018200
2022-04-22 12:22:48,19018862.5
2022-04-23 05:10:02,19019525
2022-04-23 21:12:18,19020187.5
2022-04-24 12:50:00,19020850
2022-04-25 04:50:38,19021512.5
2022-04-25 20:56:33,19022175
2022-04-26 13:23:40,19022837.5
2022-04-27 07:19:40,19023500
2022-04-27 21:15:58,19024175
2022-04-28 16:57:30,19024837.5
2022-04-29 09:20:54,19025500