Timestamp,estimated-transaction-volume
01-05-2019,165968.20904864
02-05-2019,141756.46731359
03-05-2019,152155.69727802
04-05-2019,86099.09944354
05-05-2019,77965.42179354
06-05-2019,136084.31914974
07-05-2019,177595.02173519
08-05-2019,176155.15643804
09-05-2019,207195.23965151
10-05-2019,204122.52050466
11-05-2019,131579.59075195
12-05-2019,145438.0418869
13-05-2019,223891.29695608
14-05-2019,207249.61702275
15-05-2019,198020.70360707
16-05-2019,212667.91607553
17-05-2019,178012.62702182
18-05-2019,94112.09670733
19-05-2019,97929.59368752
20-05-2019,142564.69632917
21-05-2019,127163.16532029
22-05-2019,142645.2229288
23-05-2019,153387.20490157
24-05-2019,161582.37176421
25-05-2019,68559.2342818
26-05-2019,103884.82231737
27-05-2019,150159.16242456
28-05-2019,168755.86945749
29-05-2019,315186.74668934
30-05-2019,151039.50756141
31-05-2019,256927.39166215
01-06-2019,111143.32268286
02-06-2019,76147.93375401
03-06-2019,163380.92950551
04-06-2019,280734.76665631
05-06-2019,329505.52888252
06-06-2019,261382.74060314
07-06-2019,138819.19394379
08-06-2019,67690.31198778
09-06-2019,55152.80891829
10-06-2019,130919.99332201
11-06-2019,203128.84685827
12-06-2019,144661.68561544
13-06-2019,138909.66276668
14-06-2019,151891.12856215
15-06-2019,98043.75527352
16-06-2019,113396.71107492
17-06-2019,320982.86826084
18-06-2019,238369.90719065
19-06-2019,208482.6618047
20-06-2019,127131.75403832
21-06-2019,156106.11103235
22-06-2019,206502.29719857
23-06-2019,110002.63427396
24-06-2019,162159.63476205
25-06-2019,161777.74583259
26-06-2019,228840.55967813
27-06-2019,211110.09651234
28-06-2019,226300.96991682
29-06-2019,114078.18722651
30-06-2019,144280.39810608
01-07-2019,153689.38078411
02-07-2019,176786.25751301
03-07-2019,143285.34861009
04-07-2019,163556.80170562
05-07-2019,105632.21738343
06-07-2019,55943.183519
07-07-2019,49707.10229555
08-07-2019,178285.65970499
09-07-2019,142200.02301502
10-07-2019,247870.63610733
11-07-2019,164618.64468011
12-07-2019,136072.780861
13-07-2019,61473.35409974
14-07-2019,81605.58819967
15-07-2019,118808.63552583
16-07-2019,152283.20396005
17-07-2019,197448.91458647
18-07-2019,134969.50013804
19-07-2019,203214.62488011
20-07-2019,78195.59407448
21-07-2019,64623.49481485
22-07-2019,98420.7729356
23-07-2019,94114.7613971
24-07-2019,137938.11065788
25-07-2019,103139.46051178
26-07-2019,101682.87454626
27-07-2019,60569.11630781
28-07-2019,39980.13709298
29-07-2019,431372.55005164
30-07-2019,134472.21660018
31-07-2019,104580.96145665
01-08-2019,105522.55330568
02-08-2019,121684.02045479
03-08-2019,49489.70569195
04-08-2019,54017.38165939
05-08-2019,152337.50383496
06-08-2019,154262.81420021
07-08-2019,130654.66795797
08-08-2019,119573.43727506
09-08-2019,120469.44985308
10-08-2019,68724.58412031
11-08-2019,50796.55118959
12-08-2019,113315.79174636
13-08-2019,148749.23681749
14-08-2019,126125.34276119
15-08-2019,157860.18002437
16-08-2019,105081.5613896
17-08-2019,147722.16904275
18-08-2019,90060.97033327
19-08-2019,96302.95965429
20-08-2019,113518.15783384
21-08-2019,106552.20512971
22-08-2019,94762.68008428
23-08-2019,209079.16498869
24-08-2019,58386.24790729
25-08-2019,57066.31540907
26-08-2019,126638.96579396
27-08-2019,127327.35488588
28-08-2019,105266.80948769
29-08-2019,176280.1586743
30-08-2019,138932.17364234
31-08-2019,55968.09335583
01-09-2019,54896.04024898
02-09-2019,120127.94734017
03-09-2019,140950.00361835
04-09-2019,128396.25234277
05-09-2019,161404.61297247
06-09-2019,260694.71789146
07-09-2019,88560.98318333
08-09-2019,69901.47325902
09-09-2019,119745.22620632
10-09-2019,191560.24628716
11-09-2019,141835.54035998
12-09-2019,178043.4328582
13-09-2019,89784.05693162
14-09-2019,53218.43513238
15-09-2019,45041.39451513
16-09-2019,148816.44913063
17-09-2019,138304.55309817
18-09-2019,186166.19459585
19-09-2019,126927.77220945
20-09-2019,172299.50629295
21-09-2019,128983.64546895
22-09-2019,55400.40252944
23-09-2019,86663.67963059
24-09-2019,339444.10141853
25-09-2019,247243.43303523
26-09-2019,159500.3579599
27-09-2019,144218.25346733
28-09-2019,71069.8617817
29-09-2019,57209.93689166
30-09-2019,127661.03046537
01-10-2019,128788.34560116
02-10-2019,91372.94712638
03-10-2019,114648.67944153
04-10-2019,90078.77442701
05-10-2019,46309.16646668
06-10-2019,54971.26281243
07-10-2019,106610.33485118
08-10-2019,115940.06809032
09-10-2019,127323.00149506
10-10-2019,124093.63300066
11-10-2019,112113.5112481
12-10-2019,52097.22851634
13-10-2019,42862.95204993
14-10-2019,206989.97978652
15-10-2019,113361.47403157
16-10-2019,117657.52086152
17-10-2019,156710.83088989
18-10-2019,131496.99590386
19-10-2019,49356.82406748
20-10-2019,41820.66827601
21-10-2019,115474.92732575
22-10-2019,121364.44195336
23-10-2019,168686.5627367
24-10-2019,132153.29473176
25-10-2019,166567.01339027
26-10-2019,133866.29826938
27-10-2019,76527.76960216
28-10-2019,123490.89324901
29-10-2019,101612.73037051
30-10-2019,171270.8628967
31-10-2019,226201.69051053
01-11-2019,79336.74523666
02-11-2019,85660.1188983599
03-11-2019,144089.15854624
04-11-2019,296858.88677609
05-11-2019,154859.77183922
06-11-2019,152471.28377145
07-11-2019,162088.65329925
08-11-2019,118708.85108578
09-11-2019,40975.991728
10-11-2019,81787.8559671401
11-11-2019,99092.20185613
12-11-2019,169820.88852254
13-11-2019,109449.82627208
14-11-2019,140223.79030358
15-11-2019,54541.05914009
16-11-2019,40224.20218022
17-11-2019,124758.52049023
18-11-2019,113824.573069
19-11-2019,107526.52185825
20-11-2019,149429.45673503
21-11-2019,233051.32072927
22-11-2019,159423.02874143
23-11-2019,76337.47818228
24-11-2019,189626.3047531
25-11-2019,165424.52141393
26-11-2019,210101.21294546
27-11-2019,102341.42368838
28-11-2019,140961.63628341
29-11-2019,90740.9361248
30-11-2019,55712.18236208
01-12-2019,123662.96283579
02-12-2019,150333.41646956
03-12-2019,201360.82923784
04-12-2019,113328.87037195
05-12-2019,166833.59060654
06-12-2019,111993.0749512
07-12-2019,41030.26722398
08-12-2019,132096.01481823
09-12-2019,165470.14683486
10-12-2019,133289.60254177
11-12-2019,175621.17700759
12-12-2019,126104.70553378
13-12-2019,63571.88399144
14-12-2019,46749.15034364
15-12-2019,125281.71507989
16-12-2019,251807.08287984
17-12-2019,240041.71634996
18-12-2019,165854.05325802
19-12-2019,166611.62514327
20-12-2019,67721.75703059
21-12-2019,56486.59110175
22-12-2019,152654.86458667
23-12-2019,105404.34744226
24-12-2019,119669.63620597
25-12-2019,108613.41116734
26-12-2019,117903.8262163
27-12-2019,65887.9557732
28-12-2019,51871.88810028
29-12-2019,131283.54731356
30-12-2019,118692.27692215
31-12-2019,38648.24679086
01-01-2020,98003.465802
02-01-2020,236599.38690371
03-01-2020,85109.87776538
04-01-2020,47803.86397373
05-01-2020,127638.22034273
06-01-2020,141873.73420881
07-01-2020,144356.99418374
08-01-2020,197513.24779745
09-01-2020,162847.24910828
10-01-2020,63061.48057476
11-01-2020,55680.89579774
12-01-2020,108793.80403332
13-01-2020,335665.94334151
14-01-2020,280822.13175005
15-01-2020,152626.97650804
16-01-2020,173664.39846012
17-01-2020,77864.56200069
18-01-2020,68120.97656105
19-01-2020,146372.36081798
20-01-2020,103774.67254467
21-01-2020,144608.58591928
22-01-2020,165824.99086889
23-01-2020,116895.23020499
24-01-2020,44807.6710861
25-01-2020,44461.50905508
26-01-2020,92546.4494980701
27-01-2020,116541.5660229
28-01-2020,129782.17136393
29-01-2020,181443.87730608
30-01-2020,237347.73978322
31-01-2020,105828.35283966
01-02-2020,65038.56846687
02-02-2020,376635.80029822
03-02-2020,106601.43838245
04-02-2020,125158.09557864
05-02-2020,343051.53339826
06-02-2020,184460.94895744
07-02-2020,147390.86284239
08-02-2020,73754.50444352
09-02-2020,167002.23945628
10-02-2020,231748.72092039
11-02-2020,180717.5699263
12-02-2020,184803.97834328
13-02-2020,150686.40615281
14-02-2020,108897.55133657
15-02-2020,164576.72659467
16-02-2020,230188.81836198
17-02-2020,153624.29060613
18-02-2020,185797.30231446
19-02-2020,170588.4242693
20-02-2020,116885.16019362
21-02-2020,52610.87379341
22-02-2020,74613.19616453
23-02-2020,108908.5764442
24-02-2020,114823.40121733
25-02-2020,144920.93813653
26-02-2020,230954.56873809
27-02-2020,205516.10401421
28-02-2020,70693.36063125
29-02-2020,64151.94497077
01-03-2020,139816.94722347
02-03-2020,153057.16598448
03-03-2020,153557.84425103
04-03-2020,149523.32931023
05-03-2020,174643.04681735
06-03-2020,78571.6903904
07-03-2020,87962.35982647
08-03-2020,255326.36339724
09-03-2020,206714.51548543
10-03-2020,201092.54873732
11-03-2020,562532.03844696
12-03-2020,548284.15281585
13-03-2020,214808.18146319
14-03-2020,130733.34931246
15-03-2020,369120.30596643
16-03-2020,293279.42219886
17-03-2020,206422.87703623
18-03-2020,208717.92457162
19-03-2020,326327.6586704
20-03-2020,104842.63233758
21-03-2020,116149.63921555
22-03-2020,171254.76124635
23-03-2020,285682.76921379
24-03-2020,141313.27945988
25-03-2020,147571.32200352
26-03-2020,181775.21569903
27-03-2020,97521.3631953
28-03-2020,94781.20513492
30-03-2020,169545.63568834
31-03-2020,183387.61589389
01-04-2020,137069.09191477
02-04-2020,165119.81613005
03-04-2020,146105.13705116
04-04-2020,68341.02361361
05-04-2020,65792.84869851
06-04-2020,269773.30765529
07-04-2020,209308.56775407
08-04-2020,131533.4224242
09-04-2020,316026.55465864
10-04-2020,158397.15553843
11-04-2020,68136.03344977
12-04-2020,58780.75101332
13-04-2020,166833.78406975
14-04-2020,119879.01847391
15-04-2020,148529.93386735
16-04-2020,183664.85403477
17-04-2020,151884.4059746
18-04-2020,72700.16883926
19-04-2020,63892.93460417
20-04-2020,142026.36155992
21-04-2020,158582.77088265
22-04-2020,135613.25557325
23-04-2020,176407.82845698
24-04-2020,252999.90067026
25-04-2020,77948.12504636
26-04-2020,62822.22317557
27-04-2020,161589.25019418
28-04-2020,136800.4636958
29-04-2020,381035.25990029
30-04-2020,302044.74430637
01-05-2020,224914.91089891
02-05-2020,73277.84088433
03-05-2020,88757.48438065
04-05-2020,148485.72000459
05-05-2020,129613.11786582
06-05-2020,178147.75609516
07-05-2020,203696.25750297
08-05-2020,259355.41031719
09-05-2020,193480.57545977
10-05-2020,133098.55351411
11-05-2020,191871.68197665
12-05-2020,217639.52113417
13-05-2020,204217.30316259
14-05-2020,130848.35378676
15-05-2020,165118.84751829
16-05-2020,96130.75316348
17-05-2020,57448.06017708
18-05-2020,156862.61215763
19-05-2020,136866.63311992
20-05-2020,176517.37570305
21-05-2020,198429.80866881
22-05-2020,143644.37565216
23-05-2020,71722.28904869
24-05-2020,107256.0429658
25-05-2020,270424.20055243
26-05-2020,116290.36726367
27-05-2020,181996.845827
28-05-2020,138922.72036044
29-05-2020,174955.09131375
30-05-2020,76390.33484394
31-05-2020,163468.67874987
01-06-2020,251034.49064988
02-06-2020,269856.47558314
03-06-2020,143202.62832215
04-06-2020,180171.68476832
05-06-2020,184254.95729065
06-06-2020,60040.87647443
07-06-2020,52177.20570141
08-06-2020,151974.17289403
09-06-2020,122474.14099779
10-06-2020,121166.76327399
11-06-2020,238689.10282836
12-06-2020,126474.97348093
13-06-2020,61174.68635016
14-06-2020,48809.12416476
15-06-2020,184093.56978128
16-06-2020,174623.15810895
17-06-2020,180462.30516009
18-06-2020,126594.8076192
19-06-2020,250423.06322562
20-06-2020,62454.26432165
21-06-2020,57418.26893659
22-06-2020,144350.81956594
23-06-2020,223797.324362
24-06-2020,177466.23306765
25-06-2020,195917.99431231
26-06-2020,216139.18236848
27-06-2020,65743.23207016
28-06-2020,66482.75948601
29-06-2020,120204.06542879
30-06-2020,105381.41040472
01-07-2020,159811.64022379
02-07-2020,145280.40392493
03-07-2020,127873.11886927
04-07-2020,65853.25112188
05-07-2020,56485.87730006
06-07-2020,153047.68296299
07-07-2020,136498.13518475
08-07-2020,168963.39771102
09-07-2020,148305.10213171
10-07-2020,134832.56779962
11-07-2020,62439.45483231
12-07-2020,52038.28606021
13-07-2020,145833.85066208
14-07-2020,135077.87873092
15-07-2020,134399.36045799
16-07-2020,138881.66240032
17-07-2020,120592.3334977
18-07-2020,76360.18484154
19-07-2020,69405.55348604
20-07-2020,115174.80670189
21-07-2020,142457.17097893
22-07-2020,171740.04536776
23-07-2020,181464.97046959
24-07-2020,165485.21008473
25-07-2020,93120.88008072
26-07-2020,102256.38673427
27-07-2020,241064.03097767
28-07-2020,247901.53996404
29-07-2020,186376.24203951
30-07-2020,171555.36850361
31-07-2020,190126.70314336
01-08-2020,110125.76372457
02-08-2020,102452.37259534
03-08-2020,233677.32376718
04-08-2020,134798.1200302
05-08-2020,120526.43279489
06-08-2020,180464.5498093
07-08-2020,162147.28054885
08-08-2020,81890.38277316
09-08-2020,70244.03826157
10-08-2020,171350.552971
11-08-2020,157580.08954622
12-08-2020,141475.93979464
13-08-2020,147604.36547487
14-08-2020,194831.86014598
15-08-2020,91847.94287955
16-08-2020,77886.22661437
17-08-2020,168397.06450122
18-08-2020,194088.92428771
19-08-2020,165408.41867124994
20-08-2020,135544.17042732993
21-08-2020,129046.70785575006
22-08-2020,81975.71478551996
23-08-2020,59773.08127484999
24-08-2020,114941.93451913002
25-08-2020,136983.09553248997
26-08-2020,141116.28273540997
27-08-2020,139498.85341366997
28-08-2020,175750.82905829992
29-08-2020,81346.11833217996
30-08-2020,94059.00261656001
31-08-2020,201119.7191597001
01-09-2020,197979.43152455002
02-09-2020,182860.61712774006
03-09-2020,199753.31196598004
04-09-2020,242003.28333189996
05-09-2020,122922.04357359996
06-09-2020,92445.78406697
07-09-2020,172730.1363213799
08-09-2020,168463.89601938007
09-09-2020,145217.14817268006
10-09-2020,146146.67801436002
11-09-2020,156938.70920046995
12-09-2020,82608.73707797992
13-09-2020,75670.98122475
14-09-2020,156009.63340145
15-09-2020,155491.34199574
16-09-2020,172048.70141792996
17-09-2020,158931.5173593
18-09-2020,177236.43349251992
19-09-2020,92668.96837166004
20-09-2020,77545.23233521999
21-09-2020,152786.40710971996
22-09-2020,154965.64202564996
23-09-2020,184851.04294776995
24-09-2020,195896.2267462901
25-09-2020,178614.73269464995
26-09-2020,74160.39488330999
27-09-2020,73759.51965533
28-09-2020,151223.61450625997
29-09-2020,163844.81304375996
30-09-2020,145528.2810982
01-10-2020,156037.05200603
02-10-2020,217076.73619106994
03-10-2020,80285.35246207999
04-10-2020,59889.36436076999
05-10-2020,125552.04600594002
06-10-2020,129486.63340467997
07-10-2020,174094.30786101
08-10-2020,145781.9892372799
09-10-2020,186619.71727888004
10-10-2020,101443.97258364002
11-10-2020,57355.843687999986
12-10-2020,132805.27278606
13-10-2020,149869.35707315995
14-10-2020,144103.09234183
15-10-2020,145192.82140973
16-10-2020,152867.05156987003
17-10-2020,61240.065119880004
18-10-2020,49419.09261597001
19-10-2020,139860.20001045
20-10-2020,139952.75314706005
21-10-2020,190561.11493135992
22-10-2020,255685.31198723993
23-10-2020,214302.02330150997
24-10-2020,78368.12347480995
25-10-2020,58962.23316382002
26-10-2020,142312.25893298996
27-10-2020,187898.01163798006
28-10-2020,160004.86911104003
29-10-2020,141057.58993046999
30-10-2020,95944.03520103
31-10-2020,86295.05041193997
01-11-2020,126516.49777352999
02-11-2020,279667.716385
03-11-2020,143257.94298741993
04-11-2020,348418.6143041401
05-11-2020,226071.88272974023
06-11-2020,97493.11126577
07-11-2020,73988.18895611
08-11-2020,177538.4853910999
09-11-2020,171897.33229668
10-11-2020,174110.37201595
11-11-2020,204679.98235913995
12-11-2020,163123.30853356994
13-11-2020,84583.84085695003
14-11-2020,49737.54381367
15-11-2020,142732.5278929499
16-11-2020,181281.85333922997
17-11-2020,231375.53073303992
18-11-2020,148181.44045960004
19-11-2020,227786.31927440004
20-11-2020,120634.32170732995
21-11-2020,78963.93118706
22-11-2020,146336.89543220002
23-11-2020,219739.99051476
24-11-2020,187608.88242723997
25-11-2020,205207.80888847006
26-11-2020,209319.16610076
27-11-2020,75790.24754619996
28-11-2020,75273.85776333
29-11-2020,174045.0424795999
30-11-2020,239398.77381604
01-12-2020,157633.2134041599
02-12-2020,141981.73842658996
03-12-2020,162656.5754901901
04-12-2020,65725.79167388998
05-12-2020,52342.98136957
06-12-2020,109478.32196920007
07-12-2020,199640.1308773499
08-12-2020,142289.25044238
09-12-2020,211693.5757270099
10-12-2020,162206.33931064003
11-12-2020,104784.24717678
12-12-2020,178997.75355398993
13-12-2020,140039.58424129002
14-12-2020,160706.07545407003
15-12-2020,209514.45641449
16-12-2020,245026.81111816986
17-12-2020,269861.73048439994
18-12-2020,118538.22597463
19-12-2020,103361.44931117998
20-12-2020,169206.41709765
21-12-2020,277726.39046438015
22-12-2020,273159.57702678005
23-12-2020,172668.29481989006
24-12-2020,98032.91245184999
25-12-2020,102903.82533449003
26-12-2020,173299.87122454
27-12-2020,297406.0308215799
28-12-2020,205701.9753501901
29-12-2020,207164.0435902901
30-12-2020,195528.20735462997
31-12-2020,148420.30425110986
01-01-2021,197649.46868496
02-01-2021,175403.47221832
03-01-2021,234965.05398174
04-01-2021,209211.2070226302
05-01-2021,217195.16288214005
06-01-2021,258243.12648481008
07-01-2021,222609.08169237996
08-01-2021,144078.68911506998
09-01-2021,108186.5548879601
10-01-2021,204127.78390739
11-01-2021,209957.30793954004
12-01-2021,152692.81917430006
13-01-2021,217046.98492489985
14-01-2021,173447.9771496402
15-01-2021,69617.32967057
16-01-2021,71912.96096476997
17-01-2021,106369.43070738998
18-01-2021,203229.19339636998
19-01-2021,145190.37490666003
20-01-2021,143477.54309174995
21-01-2021,169002.85624860998
22-01-2021,64942.432607790026
23-01-2021,61031.89430091996
24-01-2021,116295.08412392
25-01-2021,132373.80457356005
26-01-2021,174921.91645744996
27-01-2021,156961.96833171003
28-01-2021,234227.37633318998
29-01-2021,100245.93886341002
30-01-2021,94042.69596368003
31-01-2021,136226.08185362996
01-02-2021,125115.65292609997
02-02-2021,136350.72736042007
03-02-2021,166678.34542734007
04-02-2021,163706.56414459998
05-02-2021,115157.58511746002
06-02-2021,90818.88327887001
07-02-2021,197784.15422891994
08-02-2021,232063.37849380999
09-02-2021,159372.25521930997
10-02-2021,136428.27333403
11-02-2021,163544.30939108998
12-02-2021,77650.76285361001
13-02-2021,63799.55250689998
14-02-2021,105059.15321713997
15-02-2021,126638.80233883004
16-02-2021,151209.80276913996
17-02-2021,154580.43547161002
18-02-2021,167679.29784459993
19-02-2021,124425.4210760101
20-02-2021,136889.62943017995
21-02-2021,155804.11900263999
22-02-2021,247476.09879632003
23-02-2021,183195.8444272599
24-02-2021,161757.85726635004
25-02-2021,154452.77138032005
26-02-2021,72523.79519221003
27-02-2021,72080.67562708003
28-02-2021,123112.49439479002
01-03-2021,137624.95520370008
02-03-2021,129395.32500911008
03-03-2021,106429.64074626999
04-03-2021,179641.40703516998
05-03-2021,58172.98088044998
06-03-2021,64871.56114267001
07-03-2021,127032.03198667
08-03-2021,134692.73664909002
09-03-2021,136698.28115417
10-03-2021,138580.23924892006
11-03-2021,147297.76156873
12-03-2021,106924.79315580004
13-03-2021,97732.30858978999
14-03-2021,129272.84107778994
15-03-2021,151746.42057950993
16-03-2021,114193.03355128004
17-03-2021,97079.86049105
18-03-2021,101925.6648301901
19-03-2021,57434.79735384006
20-03-2021,63859.55675437001
21-03-2021,93768.61009291999
22-03-2021,138498.76467873997
23-03-2021,126194.33793225998
24-03-2021,143962.96524558
25-03-2021,140851.73459452
26-03-2021,67802.90336114001
27-03-2021,49183.45583514
29-03-2021,115433.5345159
30-03-2021,107382.98447093
31-03-2021,115544.04765653
01-04-2021,118265.60654696
02-04-2021,109663.88408504
03-04-2021,64840.81601995
04-04-2021,52206.70430659998
05-04-2021,96628.08597559
06-04-2021,194745.41427442996
07-04-2021,112735.29549462991
08-04-2021,106964.76483051
09-04-2021,108597.95928822996
10-04-2021,101354.7874505
11-04-2021,66929.62569863001
12-04-2021,122009.04722556003
13-04-2021,150402.94827486
14-04-2021,148963.53949102
15-04-2021,119152.63513728007
16-04-2021,128315.86576435
17-04-2021,54360.71101878002
18-04-2021,210752.96808619003
19-04-2021,124206.31963259997
20-04-2021,150146.67631533
21-04-2021,125996.33039218003
22-04-2021,157972.36281669993
23-04-2021,230771.3605323499
24-04-2021,78195.46736635997
25-04-2021,114196.70124342998
26-04-2021,131967.16325130998
27-04-2021,125364.34329275996
28-04-2021,98636.91180535001
29-04-2021,133971.53715177998
30-04-2021,144912.82441732002
01-05-2021,57862.50982870001
02-05-2021,52587.29314847999
03-05-2021,102957.30488820003
04-05-2021,139504.71181667998
05-05-2021,113733.77080888
06-05-2021,132905.10394777
07-05-2021,169995.87767231005
08-05-2021,79085.07534623992
09-05-2021,92628.3448080399
10-05-2021,140158.66480176008
11-05-2021,118538.26820562
12-05-2021,230793.94513739008
13-05-2021,228542.59390796997
14-05-2021,157314.92807270004
15-05-2021,85307.66720096
16-05-2021,122786.69463313
17-05-2021,228708.8330347599
18-05-2021,144912.75777876
19-05-2021,378375.69800060976
20-05-2021,302706.7627693601
21-05-2021,188116.29092278006
22-05-2021,134224.16104765996
23-05-2021,129391.70766666996
24-05-2021,193504.05495958996
25-05-2021,162716.56950149997
26-05-2021,146447.02505685
27-05-2021,125733.41857424995
28-05-2021,149454.96172689003
29-05-2021,100953.13751616
30-05-2021,63227.16897454997
31-05-2021,91313.62678075997
01-06-2021,148579.26866725998
02-06-2021,103182.4673566
03-06-2021,105841.17874948
04-06-2021,91780.40943912003
05-06-2021,60287.980412790006
06-06-2021,43096.6319019
07-06-2021,111301.18047508996
08-06-2021,148507.31436820002
09-06-2021,116051.36336524998
10-06-2021,125318.06867297001
11-06-2021,94723.61104957004
12-06-2021,59967.976659089996
13-06-2021,42109.398619559994
14-06-2021,125065.74957131999
15-06-2021,101585.65241742002
16-06-2021,99540.80141526
17-06-2021,89449.54939378999
18-06-2021,139353.54761457007
19-06-2021,61018.74947283999
20-06-2021,62298.11551337001
21-06-2021,143916.13694339007
22-06-2021,153753.76250742996
23-06-2021,130180.00292371002
24-06-2021,114686.7586801
25-06-2021,131555.63487137
26-06-2021,74193.72128127003
27-06-2021,64113.770702539994
28-06-2021,107456.50451149003
29-06-2021,92676.59625325
30-06-2021,106768.84924044998
01-07-2021,107687.51786929002
02-07-2021,133602.83768215007
03-07-2021,44635.85969855
04-07-2021,43003.61401839996
05-07-2021,63668.697178220005
06-07-2021,68715.83502938999
07-07-2021,69820.13769948999
08-07-2021,102080.98703157998
09-07-2021,77080.74572203998
10-07-2021,32759.988521400002
11-07-2021,40238.941236670005
12-07-2021,105167.23009464997
13-07-2021,78854.82413171002
14-07-2021,87612.81825696002
15-07-2021,111112.10250354995
16-07-2021,89951.99809686
17-07-2021,128732.60995511997
18-07-2021,33184.41271194999
19-07-2021,96477.00000923005
20-07-2021,98595.84808342005
21-07-2021,109515.85313326001
22-07-2021,80447.65097739997
23-07-2021,77662.88075568
24-07-2021,49924.11416729002
25-07-2021,53105.004183099976
26-07-2021,226430.03552091008
27-07-2021,194203.67584961
28-07-2021,150834.39273454997
29-07-2021,219338.05867968997
30-07-2021,92331.05136824999
31-07-2021,46111.694230629975
01-08-2021,41482.90396181001
02-08-2021,85486.76578495998
03-08-2021,98317.21529283992
04-08-2021,105169.56192678004
05-08-2021,81224.23415741998
06-08-2021,107106.69802449002
07-08-2021,50547.70621262002
08-08-2021,64611.06558272001
09-08-2021,135551.11287649992
10-08-2021,98387.30865228994
11-08-2021,125935.86866057996
12-08-2021,76612.52767505997
13-08-2021,83616.42702281
14-08-2021,67083.52602892
15-08-2021,52559.408261119985
16-08-2021,92750.85873921
17-08-2021,63558.76575753995
18-08-2021,94389.70729551
19-08-2021,69294.70819994996
20-08-2021,119052.04587741997
21-08-2021,81496.83074446997
22-08-2021,31672.406721460004
23-08-2021,115987.33227127
24-08-2021,85096.33595319005
25-08-2021,125322.87874285005
26-08-2021,113517.42227446998
27-08-2021,61248.51484542998
28-08-2021,37355.89089151
29-08-2021,33922.00143055999
30-08-2021,79769.42798387005
31-08-2021,86238.12602246003
01-09-2021,114073.11146593
02-09-2021,131003.98157835005
03-09-2021,97566.90553828001
04-09-2021,47856.71558522001
05-09-2021,39582.06791013
06-09-2021,84441.81671516999
07-09-2021,144717.09398706997
08-09-2021,98946.97594101999
09-09-2021,115492.13567961004
10-09-2021,147029.91645091
11-09-2021,43275.05061409999
12-09-2021,33474.155105680016
13-09-2021,97705.78207981006
14-09-2021,97109.59537164998
15-09-2021,79636.55539058003
16-09-2021,86783.40178575
17-09-2021,69650.11100462003
18-09-2021,38910.209340090005
19-09-2021,37653.9991042
20-09-2021,128212.20438096003
21-09-2021,89853.07056703
22-09-2021,84533.54037564997
23-09-2021,81457.42814015
24-09-2021,108301.01729243994
25-09-2021,35194.4086524
26-09-2021,61153.265041449966
27-09-2021,81182.00154142003
28-09-2021,88158.36018488999
29-09-2021,72195.87669471
30-09-2021,104272.97916858002
01-10-2021,90970.89286922997
02-10-2021,80719.85008298
03-10-2021,41557.00909176004
04-10-2021,102909.81429294006
05-10-2021,107906.31877513997
06-10-2021,118924.67190520001
07-10-2021,129879.95162871
08-10-2021,113932.98121166004
09-10-2021,45026.405766140015
10-10-2021,42525.02005702001
11-10-2021,90447.96070062995
12-10-2021,112244.76468736999
13-10-2021,89250.03202410002
14-10-2021,102277.04016405003
15-10-2021,134826.05645759005
16-10-2021,66249.96516688998
17-10-2021,42448.32878916001
18-10-2021,105357.64495325
19-10-2021,121998.86661381996
20-10-2021,126664.68606439994
21-10-2021,161584.92103882015
22-10-2021,111578.75123294999
23-10-2021,45134.15790074001
24-10-2021,53526.52950846003
25-10-2021,89913.99927074004
26-10-2021,77641.64849801
27-10-2021,103462.54930636998
28-10-2021,112877.27332580995
29-10-2021,147322.26642706
30-10-2021,49018.85313837001
31-10-2021,50315.367885230015
01-11-2021,135404.1259715801
02-11-2021,126408.61528790997
03-11-2021,77966.28840901
04-11-2021,104621.72662811
05-11-2021,45240.385022600014
06-11-2021,39509.70627244
07-11-2021,119452.26440912997
08-11-2021,125889.48941427
09-11-2021,100574.93978133994
10-11-2021,80449.79403605
11-11-2021,98257.56368098997
12-11-2021,42797.712006129965
13-11-2021,33926.02828846999
14-11-2021,87814.12363352005
15-11-2021,172619.97947002988
16-11-2021,125182.07688449997
17-11-2021,173140.13427701
18-11-2021,105606.86525593996
19-11-2021,49278.099965259986
20-11-2021,43725.179913130014
21-11-2021,122663.73002316999
22-11-2021,108312.94610404005
23-11-2021,100473.84113069002
24-11-2021,154370.39923949004
25-11-2021,209797.49078659006
26-11-2021,45224.117102359975
27-11-2021,34328.362514490014
28-11-2021,130896.69728955
29-11-2021,104930.52298136996
30-11-2021,150471.89451069006
01-12-2021,135512.53324978997
02-12-2021,107792.28409776998
03-12-2021,155768.02600966988
04-12-2021,69712.07361102
05-12-2021,155029.12461308995
06-12-2021,130614.47356690995
07-12-2021,120016.05204467007
08-12-2021,153096.70575223997
09-12-2021,96269.99303367999
11-12-2021,25738.26463373001
12-12-2021,99493.18428562001
13-12-2021,99033.00378199996
14-12-2021,76179.90056159
15-12-2021,88182.58151229
16-12-2021,104543.61637133005
17-12-2021,63956.37166935
18-12-2021,25449.64662415
19-12-2021,110939.86415965001
21-12-2021,96583.74582564001
22-12-2021,126705.48187488996
24-12-2021,106268.26495186999
25-12-2021,29066.725775560004
26-12-2021,79153.38643336005
27-12-2021,91711.92488052
28-12-2021,131348.94646207994
29-12-2021,96857.74217229002
30-12-2021,172549.44993864003
31-12-2021,48673.23487218001
01-01-2022,30402.677093629998
02-01-2022,60782.52690007
03-01-2022,136044.53807290006
04-01-2022,89836.47580629
05-01-2022,138172.89238369
06-01-2022,133087.15852486005
07-01-2022,43187.197594330006
08-01-2022,41116.35498264001
09-01-2022,102343.59557130001
10-01-2022,120610.08929304997
11-01-2022,98083.55643002005
12-01-2022,93998.52954619995
13-01-2022,94804.90872750002
14-01-2022,35830.179749780014
15-01-2022,28095.627085999997
16-01-2022,83916.59603149001
17-01-2022,82626.61526040999
18-01-2022,149352.21045549997
19-01-2022,115941.78546337996
20-01-2022,234294.39287770004
21-01-2022,147460.49063709998
22-01-2022,72542.50221724003
23-01-2022,201415.99056280992
24-01-2022,131001.51142347
25-01-2022,125466.59237445003
26-01-2022,147495.40500443007
27-01-2022,112225.77241289998
28-01-2022,126825.18781198005
29-01-2022,170445.63011344994
30-01-2022,130352.53838152996
31-01-2022,210121.41523097
01-02-2022,72998.74524623001
02-02-2022,103723.06736606997
03-02-2022,103407.24374440005
04-02-2022,77656.59820082996
05-02-2022,42789.79031037998
06-02-2022,123921.03279179001
07-02-2022,133484.65465247002
08-02-2022,83927.67605259005
09-02-2022,122295.04144476999
10-02-2022,146995.58341185996
11-02-2022,53188.311253830005
12-02-2022,31942.759230000014
13-02-2022,88497.96670294003
14-02-2022,136575.63913294
15-02-2022,86395.78056352002
16-02-2022,87477.62437058002
17-02-2022,101204.25214904001
18-02-2022,40499.18342304999
19-02-2022,37944.95337985999
20-02-2022,104854.68551052996
21-02-2022,94490.16591402006
22-02-2022,78757.00689969001
23-02-2022,172501.45239273
24-02-2022,136990.0515837
25-02-2022,61083.43235466
26-02-2022,47576.50567775003
27-02-2022,148868.95381808
28-02-2022,157680.47759964998
01-03-2022,123584.07941110003
02-03-2022,105955.36488660997
03-03-2022,138659.30657739003
04-03-2022,41239.95440114001
05-03-2022,31278.439305239986
06-03-2022,119315.27416087998
07-03-2022,101263.90506946998
08-03-2022,150181.87633047006
09-03-2022,122390.43340874002
10-03-2022,134710.86432169998
11-03-2022,36313.20222444
12-03-2022,37006.69722551999
13-03-2022,80633.22499101002
14-03-2022,90413.32526172
15-03-2022,112838.07220601005
16-03-2022,161726.05184977004
17-03-2022,143149.02926728
18-03-2022,53237.29065113001
19-03-2022,30890.887659049993
20-03-2022,153454.47722655002
21-03-2022,105009.55649555
22-03-2022,93649.44800329997
23-03-2022,97916.39908705001
24-03-2022,168595.96907151
25-03-2022,42477.84547710999
26-03-2022,91042.01759302999
28-03-2022,148836.1034526201
29-03-2022,156217.22542340003
30-03-2022,110626.08476633995
31-03-2022,165565.37098408994
01-04-2022,140416.55848442996
02-04-2022,53452.590282970006
03-04-2022,44479.87854024997
04-04-2022,107249.81232902005
05-04-2022,88796.46817405996
06-04-2022,111934.73690528002
07-04-2022,101195.73243435002
08-04-2022,74311.35798644
09-04-2022,47755.16520333998
10-04-2022,43522.495235070004
11-04-2022,125638.49516609007
12-04-2022,88775.69915494004
13-04-2022,91376.22846382998
14-04-2022,151527.4203346101
15-04-2022,62358.20667260997
16-04-2022,43994.79095343003
17-04-2022,30898.079945900008
18-04-2022,82326.85502948001
19-04-2022,91260.94508562006
20-04-2022,129884.48683985003
21-04-2022,220326.99878144005
22-04-2022,75773.38827809002
23-04-2022,33379.83520215999
24-04-2022,43976.38096912
25-04-2022,95871.42260220995
26-04-2022,115858.17825723994
27-04-2022,107415.1883346301
28-04-2022,119666.93835573005
29-04-2022,126481.07605796
