Timestamp,estimated-transaction-volume-usd
01/05/2019,878862399.05446
02/05/2019,760391105.92548
03/05/2019,858064130.790705
04/05/2019,489890940.823787
05/05/2019,446363838.194411
06/05/2019,769428196.684081
07/05/2019,1041193668.85865
08/05/2019,1026598912.92612
09/05/2019,1251747786.99949
10/05/2019,1285152265.18143
11/05/2019,890773875.557915
12/05/2019,1047479224.06264
13/05/2019,1691655708.37404
14/05/2019,1659251075.53614
15/05/2019,1595050697.09695
16/05/2019,1694528053.99168
17/05/2019,1298197113.841
18/05/2019,688963903.658277
19/05/2019,776463133.467301
20/05/2019,1127760758.33771
21/05/2019,1011724990.89294
22/05/2019,1126821699.73429
23/05/2019,1180520164.76067
24/05/2019,1291010564.0933
25/05/2019,551935634.865766
26/05/2019,848987065.906149
27/05/2019,1318870008.46283
28/05/2019,1475454597.97029
29/05/2019,2715969883.44545
30/05/2019,1307364485.98112
31/05/2019,2139391264.47921
01/06/2019,950272921.697104
02/06/2019,661260854.072411
03/06/2019,1387869417.39436
04/06/2019,2210912218.37581
05/06/2019,2554143447.31926
06/06/2019,2028322128.99115
07/06/2019,1100908051.78238
08/06/2019,537539563.516134
09/06/2019,429940401.765129
10/06/2019,1024400574.27776
11/06/2019,1596486462.48794
12/06/2019,1164520570.45808
13/06/2019,1133834031.3768
14/06/2019,1268348918.472
15/06/2019,856304521.345165
16/06/2019,1037160332.21346
17/06/2019,2950935222.42847
18/06/2019,2182288636.43523
19/06/2019,1908684407.20105
20/06/2019,1190905553.64237
21/06/2019,1529747837.77371
22/06/2019,2222444544.5401
23/06/2019,1181274913.1325
24/06/2019,1758426569.15256
25/06/2019,1831245148.07661
26/06/2019,2930019255.94771
27/06/2019,2491886549.14668
28/06/2019,2653064698.96847
29/06/2019,1357452935.74732
30/06/2019,1651368348.22081
01/07/2019,1639029426.22024
02/07/2019,1813299811.70937
03/07/2019,1618383338.89788
04/07/2019,1933335669.36912
05/07/2019,1176057042.74459
06/07/2019,639979717.955877
07/07/2019,561967420.058377
08/07/2019,2099126797.96369
09/07/2019,1779344024.06482
10/07/2019,3158872124.78143
11/07/2019,1909308953.10433
12/07/2019,1573448471.11562
13/07/2019,703409877.232993
14/07/2019,880311916.429513
15/07/2019,1237233738.065
16/07/2019,1554876517.05214
17/07/2019,1898295641.75235
18/07/2019,1363791605.47841
19/07/2019,2126938200.64637
20/07/2019,835319633.831489
21/07/2019,682036367.270114
22/07/2019,1027285548.46237
23/07/2019,946331234.643111
24/07/2019,1334346530.10196
25/07/2019,1029705254.80043
26/07/2019,993970297.737923
27/07/2019,586372755.465987
28/07/2019,379230727.584726
29/07/2019,4112257571.27222
30/07/2019,1280347893.44335
31/07/2019,1033351135.20618
01/08/2019,1063515472.58285
02/08/2019,1276543413.55019
03/08/2019,533502020.952203
04/08/2019,584301307.017416
05/08/2019,1783008179.42602
06/08/2019,1820577410.091
07/08/2019,1528500615.47788
08/08/2019,1409255302.77697
09/08/2019,1423908954.56227
10/08/2019,796863848.442387
11/08/2019,577446710.735718
12/08/2019,1291059873.47708
13/08/2019,1666494659.99051
14/08/2019,1317218977.94195
15/08/2019,1574111185.79898
16/08/2019,1077642458.52809
17/08/2019,1526187033.46721
18/08/2019,923238653.158426
19/08/2019,1023246904.67013
20/08/2019,1220470929.96864
21/08/2019,1083045372.40215
22/08/2019,951158027.834026
23/08/2019,2130991479.93793
24/08/2019,592417288.471263
25/08/2019,576624098.058777
26/08/2019,1311051900.84533
27/08/2019,1295831266.79679
28/08/2019,1050824062.27406
29/08/2019,1674298204.5402
30/08/2019,1323718819.7742
31/08/2019,536730722.744341
01/09/2019,527581681.518463
02/09/2019,1189099299.73989
03/09/2019,1484070470.30013
04/09/2019,1356552610.12157
05/09/2019,1706403125.81051
06/09/2019,2785938242.47131
07/09/2019,920958388.084715
08/09/2019,734442315.886497
09/09/2019,1233969516.75112
10/09/2019,1964047352.89751
11/09/2019,1425043055.21506
12/09/2019,1811962087.02676
13/09/2019,926451075.370118
14/09/2019,550438176.483592
15/09/2019,465077107.456492
16/09/2019,1523428331.69289
17/09/2019,1412330120.98926
18/09/2019,1899700648.3467
19/09/2019,1263814528.24699
20/09/2019,1752366741.2845
21/09/2019,1297619718.14635
22/09/2019,552377407.450051
23/09/2019,855073770.204309
24/09/2019,3139283339.2161
25/09/2019,2087385264.72149
26/09/2019,1313285336.69414
27/09/2019,1158429641.01496
28/09/2019,580178846.7763
29/09/2019,461412848.670824
30/09/2019,1032865548.01648
01/10/2019,1076885942.12558
02/10/2019,753518693.099858
03/10/2019,941153423.813483
04/10/2019,734036334.988344
05/10/2019,375403716.022211
06/10/2019,437929223.289477
07/10/2019,858436648.340689
08/10/2019,951086445.4266
09/10/2019,1063632108.53833
10/10/2019,1061857762.2837
11/10/2019,940680504.466421
12/10/2019,434035291.224281
13/10/2019,358793113.390658
14/10/2019,1712938625.03762
15/10/2019,933447813.563032
16/10/2019,944835135.107188
17/10/2019,1260759811.25633
18/10/2019,1046146449.48076
19/10/2019,393045996.900051
20/10/2019,335445114.082607
21/10/2019,949795298.925235
22/10/2019,996706690.858345
23/10/2019,1296382266.37079
24/10/2019,984320293.086673
25/10/2019,1334170237.65914
26/10/2019,1256366630.61245
27/10/2019,721778043.423887
28/10/2019,1157811408.23295
29/10/2019,933497841.255334
30/10/2019,1573437647.47653
31/10/2019,2074156433.79762
01/11/2019,736867493.36135
02/11/2019,791930340.104973
03/11/2019,1333487928.85567
04/11/2019,2769186824.13713
05/11/2019,1446365892.00296
06/11/2019,1410260957.176
07/11/2019,1458241138.12778
08/11/2019,1046596790.16888
09/11/2019,364320564.190368
10/11/2019,718863061.19166
11/11/2019,865205529.779822
12/11/2019,1486062566.37464
13/11/2019,946450282.515701
14/11/2019,1199132985.11859
15/11/2019,461834641.876112
16/11/2019,342818350.321039
17/11/2019,1043917564.33598
18/11/2019,923399726.065324
19/11/2019,870969121.524629
20/11/2019,1165992114.19976
21/11/2019,1691710108.35354
22/11/2019,1151153475.67428
23/11/2019,544401075.374676
24/11/2019,1313006695.02549
25/11/2019,1179814702.24228
26/11/2019,1513433741.15035
27/11/2019,769525352.625047
28/11/2019,1078007992.31578
29/11/2019,696535295.153311
30/11/2019,410180206.361161
01/12/2019,904057314.823355
02/12/2019,1101171350.2715
03/12/2019,1466498115.73916
04/12/2019,829793365.229581
05/12/2019,1235038809.93875
06/12/2019,842686832.919384
07/12/2019,307899861.771098
08/12/2019,984541456.77168
09/12/2019,1203358979.51588
10/12/2019,960237277.26307
11/12/2019,1259580435.1801
12/12/2019,910737705.988904
13/12/2019,455496983.970829
14/12/2019,331461605.786852
15/12/2019,880428472.303217
16/12/2019,1699726138.74945
17/12/2019,1653840922.56698
18/12/2019,1185600661.7481
19/12/2019,1192218774.49197
20/12/2019,484021776.662792
21/12/2019,409093776.778714
22/12/2019,1144871677.88131
23/12/2019,770512475.798006
24/12/2019,863528900.789981
25/12/2019,783721256.337016
26/12/2019,847107991.825459
27/12/2019,480834303.778861
28/12/2019,381265550.855148
29/12/2019,956242180.526399
30/12/2019,854423855.553621
31/12/2019,278141981.965149
01/01/2020,692062815.85965
02/01/2020,1721171458.46213
03/01/2020,623052159.06369
04/01/2020,355303880.322097
05/01/2020,962060777.656326
06/01/2020,1122651351.86172
07/01/2020,1185786689.98009
08/01/2020,1557053628.83293
09/01/2020,1280612805.31253
10/01/2020,512234137.659831
11/01/2020,451843048.807346
12/01/2020,881745942.082351
13/01/2020,2900956206.90936
14/01/2020,2458672964.83804
15/01/2020,1325748763.69605
16/01/2020,1542090152.48638
17/01/2020,691951125.418206
18/01/2020,604108398.922501
19/01/2020,1265736839.76223
20/01/2020,897029394.970128
21/01/2020,1252987750.19963
22/01/2020,1402766346.47978
23/01/2020,983478887.090753
24/01/2020,372513968.74356
25/01/2020,375372746.97924
26/01/2020,810082885.566639
27/01/2020,1052472169.00964
28/01/2020,1212895193.80549
29/01/2020,1703649922.19753
30/01/2020,2215319754.1268
31/01/2020,994556670.98025
01/02/2020,610013826.84455
02/02/2020,3506998581.29517
03/02/2020,980532522.850602
04/02/2020,1182655805.23487
05/02/2020,3323586288.2882
06/02/2020,1803840353.46757
07/02/2020,1443920309.06251
08/02/2020,744577606.607648
09/02/2020,1655558310.37745
10/02/2020,2306736286.50665
11/02/2020,1870288291.39479
12/02/2020,1903943551.24095
13/02/2020,1546031520.68268
14/02/2020,1109593958.57004
15/02/2020,1638768688.21711
16/02/2020,2253057178.21877
17/02/2020,1513418378.62798
18/02/2020,1880304367.67908
19/02/2020,1635169613.46713
20/02/2020,1133722528.69818
21/02/2020,508369260.661711
22/02/2020,737289757.885203
23/02/2020,1060129347.02799
24/02/2020,1088999982.0479
25/02/2020,1306061365.11718
26/02/2020,2025910515.26091
27/02/2020,1789999976.54431
28/02/2020,614926644.926824
29/02/2020,549446378.675048
01/03/2020,1226689506.9734
02/03/2020,1346019714.60831
03/03/2020,1344613313.04405
04/03/2020,1347117308.56223
05/03/2020,1586746058.90616
06/03/2020,714006122.12699
07/03/2020,750461852.241262
08/03/2020,2012070398.88597
09/03/2020,1642231325.0775
10/03/2020,1574744357.10949
11/03/2020,3596290367.00052
12/03/2020,2755019578.84146
13/03/2020,1169201200.62799
14/03/2020,691118819.656607
15/03/2020,1829202302.65315
16/03/2020,1553039642.47712
17/03/2020,1087150158.46778
18/03/2020,1203126598.80139
19/03/2020,2081996655.25232
20/03/2020,647373597.906475
21/03/2020,707671399.167601
22/03/2020,1055238675.13386
23/03/2020,1896290040.77095
24/03/2020,939872246.666284
25/03/2020,982877529.995054
26/03/2020,1213708784.84108
27/03/2020,606386218.694661
28/03/2020,579110788.065739
30/03/2020,1063117757.4694
31/03/2020,1183183832.53956
01/04/2020,861593745.667491
02/04/2020,1112746186.31126
03/04/2020,996027773.773442
04/04/2020,461924504.587505
05/04/2020,446883068.920588
06/04/2020,1903887715.82672
07/04/2020,1534435754.21386
08/04/2020,959560031.91941
09/04/2020,2311484767.99329
10/04/2020,1101942938.40979
11/04/2020,467888135.693746
12/04/2020,408486669.553085
13/04/2020,1124828313.502
14/04/2020,824353875.169474
15/04/2020,1009167505.32317
16/04/2020,1278047926.54404
17/04/2020,1073444827.62685
18/04/2020,519833202.144473
19/04/2020,458165164.115702
20/04/2020,999366645.3129
21/04/2020,1086827836.50855
22/04/2020,950788113.035903
23/04/2020,1287058107.13864
24/04/2020,1901237345.55861
25/04/2020,588383800.374401
26/04/2020,477350119.694664
27/04/2020,1244890678.78536
28/04/2020,1057322602.34099
29/04/2020,3184852305.57904
30/04/2020,2685333576.87795
01/05/2020,1977433108.12039
02/05/2020,650315088.980719
03/05/2020,798356910.646175
04/05/2020,1301213020.58341
05/05/2020,1158788354.57839
06/05/2020,1639157502.58385
07/05/2020,1938783579.01866
08/05/2020,2581331592.43038
09/05/2020,1891310409.07318
10/05/2020,1160570547.66815
11/05/2020,1697952428.5878
12/05/2020,1902634189.74064
13/05/2020,1840743652.80359
14/05/2020,1256024234.83165
15/05/2020,1570409119.92827
16/05/2020,904101584.161914
17/05/2020,554234698.77281
18/05/2020,1522447447.77392
19/05/2020,1324908761.86765
20/05/2020,1698883644.51521
21/05/2020,1827598465.30696
22/05/2020,1309276220.21627
23/05/2020,659872561.67834
24/05/2020,981745455.338841
25/05/2020,2386079966.12279
26/05/2020,1028006698.0951
27/05/2020,1653961345.48304
28/05/2020,1299498648.03744
29/05/2020,1652605318.46225
30/05/2020,726174719.659483
31/05/2020,1560857802.00739
01/06/2020,2405059313.78643
02/06/2020,2689299632.09421
03/06/2020,1367910769.13515
04/06/2020,1754810883.71382
05/06/2020,1798108013.43404
06/06/2020,578237010.345349
07/06/2020,500851759.616004
08/06/2020,1476953360.63616
09/06/2020,1189532513.05837
10/06/2020,1185046064.64972
11/06/2020,2319865799.72096
12/06/2020,1189940932.56761
13/06/2020,576532445.734542
14/06/2020,459031700.888373
15/06/2020,1689895109.32884
16/06/2020,1657379522.9407
17/06/2020,1698265606.83664
18/06/2020,1191197355.42604
19/06/2020,2333210102.27051
20/06/2020,580481419.614336
21/06/2020,536969560.490895
22/06/2020,1369587319.75579
23/06/2020,2158044283.7941
24/06/2020,1668568262.54677
25/06/2020,1809758026.47067
26/06/2020,1982165061.32764
27/06/2020,598209748.027246
28/06/2020,602227413.240989
29/06/2020,1094780887.00755
30/06/2020,964046737.852914
01/07/2020,1468279709.0132
02/07/2020,1329290846.49266
03/07/2020,1162725810.99092
04/07/2020,598371117.138459
05/07/2020,511532010.235418
06/07/2020,1413260028.33242
07/07/2020,1265052644.49911
08/07/2020,1582500913.17443
09/07/2020,1383313673.42838
10/07/2020,1239897769.81168
11/07/2020,576572385.558404
12/07/2020,481367498.713169
13/07/2020,1354265482.01243
14/07/2020,1245429103.12721
15/07/2020,1239461867.82262
16/07/2020,1266988570.14269
17/07/2020,1100985768.81717
18/07/2020,699138625.60008
19/07/2020,635003579.074158
20/07/2020,1056788376.71222
21/07/2020,1326906299.31485
22/07/2020,1606938398.15599
23/07/2020,1733033896.10933
24/07/2020,1581504621.43281
25/07/2020,895321520.430384
26/07/2020,1009262428.00711
27/07/2020,2520983909.08391
28/07/2020,2732598812.18318
29/07/2020,2066537370.29674
30/07/2020,1893559564.52982
31/07/2020,2132382806.80711
01/08/2020,1282524246.37756
02/08/2020,1161811695.51631
03/08/2020,2630857377.15599
04/08/2020,1514661048.79905
05/08/2020,1382305624.12346
06/08/2020,2122100338.58475
07/08/2020,1897594213.63528
08/08/2020,957307311.265865
09/08/2020,819746332.084762
10/08/2020,2038494057.068
11/08/2020,1833511322.68141
12/08/2020,1622537211.16193
13/08/2020,1705063980.69705
14/08/2020,2293744966.95202
15/08/2020,1090367766.0598
16/08/2020,923018319.347379
17/08/2020,2046439654.49524
18/08/2020,2363375056.9934
19/08/2020,1951302613.8825393
20/08/2020,1599895179.606914
21/08/2020,1516606230.5688822
22/08/2020,947590518.3606329
23/08/2020,694626473.0813165
24/08/2020,1349526577.4472823
25/08/2020,1571905464.0375934
26/08/2020,1606738709.2854536
27/08/2020,1582727807.8585138
28/08/2020,2013696414.016841
29/08/2020,936108106.0835737
30/08/2020,1092133417.798481
31/08/2020,2351032934.550586
01/09/2020,2357189690.750896
02/09/2020,2108369094.4854293
03/09/2020,2195667067.2480316
04/09/2020,2512517216.225265
05/09/2020,1263375218.8698335
06/09/2020,942632672.8111798
07/09/2020,1747148281.5062864
08/09/2020,1706304707.7497606
09/09/2020,1479239533.7312331
10/09/2020,1510201425.9578102
11/09/2020,1615058494.599918
12/09/2020,855809354.7957093
13/09/2020,786517189.8096939
14/09/2020,1641329657.9907258
15/09/2020,1675152816.8943894
16/09/2020,1875402238.1826138
17/09/2020,1728645381.2338386
18/09/2020,1937356456.84136
19/09/2020,1020812737.2328732
20/09/2020,845867147.6809912
21/09/2020,1618550493.708504
22/09/2020,1620744900.8434787
23/09/2020,1930400508.768271
24/09/2020,2038281713.5185595
25/09/2020,1904178398.6342678
26/09/2020,794309819.7184452
27/09/2020,789919236.0190964
28/09/2020,1644928781.8498938
29/09/2020,1756325729.5985732
30/09/2020,1561125507.1341772
01/10/2020,1674944661.581599
02/10/2020,2283910067.2491984
03/10/2020,846455550.5192969
04/10/2020,634742572.527444
05/10/2020,1343799081.1799047
06/10/2020,1385299160.190378
07/10/2020,1847973952.4246747
08/10/2020,1564119346.8517392
09/10/2020,2052602359.6675017
10/10/2020,1149403530.058942
11/10/2020,651622749.4229141
12/10/2020,1519550414.7656412
13/10/2020,1713107902.128088
14/10/2020,1641335688.119119
15/10/2020,1656087273.91197
16/10/2020,1735871118.0383928
17/10/2020,694375228.5853593
18/10/2020,564810368.5227593
19/10/2020,1621572965.596006
20/10/2020,1656442476.473881
21/10/2020,2381891958.1275086
22/10/2020,3311533243.6679773
23/10/2020,2772642131.3782315
24/10/2020,1019815578.520192
25/10/2020,770092624.095325
26/10/2020,1916977068.721834
27/10/2020,2517314639.707993
28/10/2020,2135566368.3007386
29/10/2020,1893674939.1413562
30/10/2020,1316281834.8887045
31/10/2020,1188080329.7413285
01/11/2020,1715336327.8298092
02/11/2020,3811487630.8471503
03/11/2020,1988917620.2442853
04/11/2020,5149644713.046795
05/11/2020,3527917034.289506
06/11/2020,1502513708.7042077
07/11/2020,1123463511.0622897
08/11/2020,2728063355.8702464
09/11/2020,2632911827.6774883
10/11/2020,2715135370.028515
11/11/2020,3262813497.119191
12/11/2020,2656697442.1882963
13/11/2020,1356685552.9036057
14/11/2020,795037576.249102
15/11/2020,2343880257.789508
16/11/2020,3117390382.4550147
17/11/2020,4148880836.428013
18/11/2020,2649430667.646257
19/11/2020,4202034216.731514
20/11/2020,2261632554.633789
21/11/2020,1454587916.630766
22/11/2020,2703213540.7977214
23/11/2020,4162955937.5419774
24/11/2020,3581534995.903928
25/11/2020,3560329146.149023
26/11/2020,3539855459.5656195
27/11/2020,1310741286.2452636
28/11/2020,1353406964.7056353
29/11/2020,3302208582.0160117
30/11/2020,4627255393.593444
01/12/2020,2983704874.188316
02/12/2020,2744199631.0179462
03/12/2020,3109317273.318671
04/12/2020,1245963842.4548998
05/12/2020,1002450424.9438207
06/12/2020,2103990331.796725
07/12/2020,3771844232.261542
08/12/2020,2599989621.4131374
09/12/2020,3877167091.86871
10/12/2020,2913875514.564554
11/12/2020,1929697457.1383855
12/12/2020,3450322095.0157766
13/12/2020,2685900125.77615
14/12/2020,3108771396.732216
15/12/2020,4228699631.5529056
16/12/2020,5540206537.115145
17/12/2020,6176614857.997192
18/12/2020,2768897617.388285
19/12/2020,2436345570.703207
20/12/2020,3918912338.912008
21/12/2020,6418279942.846496
22/12/2020,6427851084.363599
23/12/2020,4019021845.006808
24/12/2020,2352003684.944295
25/12/2020,2615234142.573132
26/12/2020,4714768342.628513
27/12/2020,8026930076.872239
28/12/2020,5504342175.362542
29/12/2020,5840540994.996466
30/12/2020,5636631338.131147
31/12/2020,4343208402.410698
01/01/2021,6152237015.4746895
02/01/2021,5847742860.444979
03/01/2021,7503147813.225784
04/01/2021,6775407806.433055
05/01/2021,7549976673.166344
06/01/2021,9896769612.735806
07/01/2021,8838843563.36015
08/01/2021,5814286455.439408
09/01/2021,4278195465.100052
10/01/2021,6926936905.870075
11/01/2021,7357383072.698131
12/01/2021,5277220346.7589445
13/01/2021,8352711917.09365
14/01/2021,6530346131.6429825
15/01/2021,2570302174.9651437
16/01/2021,2561329124.5043206
17/01/2021,3849376580.2371182
18/01/2021,7509307340.108117
19/01/2021,5094690667.83868
20/01/2021,4661464273.179369
21/01/2021,5354605407.599176
22/01/2021,2103201286.0037167
23/01/2021,1966307038.6473134
24/01/2021,3905630182.601754
25/01/2021,4228927064.0523696
26/01/2021,5425004803.729349
27/01/2021,4988231552.939995
28/01/2021,8288844085.460961
29/01/2021,3416568799.038823
30/01/2021,3119627987.413366
31/01/2021,4586348228.014149
01/02/2021,4346023783.550835
02/02/2021,4985868433.536457
03/02/2021,6269136960.242842
04/02/2021,6157892770.648826
05/02/2021,4577756277.630126
06/02/2021,3515624989.356609
07/02/2021,8364117755.063739
08/02/2021,10834628125.018213
09/02/2021,7305646115.878271
10/02/2021,6333458804.686527
11/02/2021,7811431839.715774
12/02/2021,3676762390.3643637
13/02/2021,3102283702.90204
14/02/2021,5028594620.989651
15/02/2021,6187880486.479969
16/02/2021,7740989999.164483
17/02/2021,8027247241.935083
18/02/2021,8975014334.61605
19/02/2021,6995147926.057189
20/02/2021,7839947832.124444
21/02/2021,8515953765.557784
22/02/2021,12102608267.13961
23/02/2021,9123958043.345936
24/02/2021,8084434721.151986
25/02/2021,7202864759.149535
26/02/2021,3416482976.250144
27/02/2021,3227571917.3888235
28/02/2021,5867267655.439818
01/03/2021,6707252970.14486
02/03/2021,6540727319.73289
03/03/2021,5254550974.76691
04/03/2021,8571816585.961295
05/03/2021,2814010102.6878242
06/03/2021,3256898858.6546917
07/03/2021,6455368739.454128
08/03/2021,7267886049.152834
09/03/2021,7607218390.253023
10/03/2021,7815260934.970914
11/03/2021,8389445169.75331
12/03/2021,6252538514.7425
13/03/2021,5914693356.069364
14/03/2021,7391203818.270152
15/03/2021,8414319042.315213
16/03/2021,6410069887.531584
17/03/2021,5684429157.027738
18/03/2021,5953986740.001387
19/03/2021,3378908922.8126254
20/03/2021,3654267039.161541
21/03/2021,5299609269.970794
22/03/2021,7567504956.543793
23/03/2021,6956174962.680886
24/03/2021,7475059268.080135
25/03/2021,7494637392.191981
26/03/2021,3738511752.0196714
27/03/2021,2746380160.0662503
29/03/2021,6604751298.088798
30/03/2021,6286007313.120905
31/03/2021,6798433825.419553
01/04/2021,6961929171.789202
02/04/2021,6501984723.386886
03/04/2021,3823846850.7601023
04/04/2021,3007013909.974989
05/04/2021,5636763512.818328
06/04/2021,11383898953.539917
07/04/2021,6422300909.583367
08/04/2021,6112050100.201059
09/04/2021,6330239986.766539
10/04/2021,6092856977.739401
11/04/2021,4013468488.9395313
12/04/2021,7343373828.67675
13/04/2021,9364020483.020603
14/04/2021,9467805074.32664
15/04/2021,7491319879.713019
16/04/2021,7918735254.1182995
17/04/2021,3345356860.835313
18/04/2021,11856647360.954725
19/04/2021,7003954975.952247
20/04/2021,8311557599.486943
21/04/2021,7009968211.3791
22/04/2021,8500130355.892971
23/04/2021,11486117186.513248
24/04/2021,3907764473.017146
25/04/2021,5690337431.31398
26/04/2021,6987267570.035969
27/04/2021,6828181874.191442
28/04/2021,5400170407.9552355
29/04/2021,7198764177.987766
30/04/2021,8038587266.254536
01/05/2021,3347043374.8694096
02/05/2021,2991270138.389222
03/05/2021,5954769584.492453
04/05/2021,7698193443.310121
05/05/2021,6381517581.403065
06/05/2021,7566141015.089905
07/05/2021,9703541846.825617
08/05/2021,4620961715.6818495
09/05/2021,5388114089.551383
10/05/2021,8099530690.219605
11/05/2021,6620873679.221073
12/05/2021,12953414263.347263
13/05/2021,11355681895.517153
14/05/2021,7906534590.266755
15/05/2021,4191692549.2390285
16/05/2021,5725518842.773768
17/05/2021,10100167444.649612
18/05/2021,6401432361.182449
19/05/2021,14642615897.19912
20/05/2021,12059107969.11172
21/05/2021,7317126300.495066
22/05/2021,5042562364.379068
23/05/2021,4450529580.047133
24/05/2021,7207897767.577337
25/05/2021,6201345379.021109
26/05/2021,5744713581.126872
27/05/2021,4886792807.599231
28/05/2021,5453824455.071646
29/05/2021,3534235035.747762
30/05/2021,2229477248.099227
31/05/2021,3294970505.355651
01/06/2021,5421714885.342989
02/06/2021,3845016656.313909
03/06/2021,4080204482.2136693
04/06/2021,3411600139.2564692
05/06/2021,2192085664.632768
06/06/2021,1550993266.2225916
07/06/2021,3987593296.6689854
08/06/2021,4855389937.573238
09/06/2021,4061991299.6894774
10/06/2021,4643427946.043253
11/06/2021,3501716416.1339355
12/06/2021,2153678028.595535
13/06/2021,1539743948.2780533
14/06/2021,4973233612.976941
15/06/2021,4080041045.1731434
16/06/2021,3918231599.126314
17/06/2021,3458321392.277408
18/06/2021,5151710129.431004
19/06/2021,2186838846.1350193
20/06/2021,2162759239.6124706
21/06/2021,4751842584.489068
22/06/2021,4882368443.934831
23/06/2021,4386486291.106102
24/06/2021,3876348202.4309297
25/06/2021,4356792800.442628
26/06/2021,2331345211.2810645
27/06/2021,2112213965.6302857
28/06/2021,3708117939.5760326
29/06/2021,3300219147.3776546
30/06/2021,3725912659.9057236
01/07/2021,3625272212.8194623
02/07/2021,4454956968.426739
03/07/2021,1526282960.7179453
04/07/2021,1515363756.6394658
05/07/2021,2169927055.3384056
06/07/2021,2346543660.266684
07/07/2021,2415077701.787478
08/07/2021,3349209076.6624417
09/07/2021,2552942232.963585
10/07/2021,1104335807.3131185
11/07/2021,1361224001.4296572
12/07/2021,3530030646.398229
13/07/2021,2583990657.5143604
14/07/2021,2847291324.211062
15/07/2021,3546057522.319202
16/07/2021,2855123418.4177036
17/07/2021,4054713463.0521975
18/07/2021,1052594971.1817188
19/07/2021,2991573664.253314
20/07/2021,2934190502.6489563
21/07/2021,3408086708.7529273
22/07/2021,2584131350.756411
23/07/2021,2519917919.132724
24/07/2021,1689884089.6329966
25/07/2021,1824435371.4748766
26/07/2021,8661331075.286484
27/07/2021,7345558779.508659
28/07/2021,6002881501.151431
29/07/2021,8710173273.907516
30/07/2021,3645326210.342276
31/07/2021,1924780316.6358085
01/08/2021,1721720041.225241
02/08/2021,3383600749.1596594
03/08/2021,3774291695.6785836
04/08/2021,4094514095.0958066
05/08/2021,3189301462.820454
06/08/2021,4463338799.731509
07/08/2021,2198372699.5776916
08/08/2021,2863365745.2230344
09/08/2021,6121383053.705138
10/08/2021,4488621499.916477
11/08/2021,5806136771.043135
12/08/2021,3433253898.4565864
13/08/2021,3855116852.5439167
14/08/2021,3157295026.044922
15/08/2021,2430142554.508242
16/08/2021,4336625433.375353
17/08/2021,2915373923.378095
18/08/2021,4267113160.596617
19/08/2021,3132624120.660245
20/08/2021,5683508929.504638
21/08/2021,4007697514.479291
22/08/2021,1549564156.3142304
23/08/2021,5800342005.268154
24/08/2021,4160097929.5734167
25/08/2021,6052791787.804584
26/08/2021,5354725344.593736
27/08/2021,2921974573.376054
28/08/2021,1828986483.5579357
29/08/2021,1649218799.6469216
30/08/2021,3839205627.542602
31/08/2021,4079243403.9111404
01/09/2021,5449363613.813484
02/09/2021,6517047229.253141
03/09/2021,4887254784.221797
04/09/2021,2397543151.0204377
05/09/2021,1996712056.7162685
06/09/2021,4374020789.212579
07/09/2021,7058595281.0081625
08/09/2021,4580072991.3477335
09/09/2021,5369011441.333743
10/09/2021,6739492372.85368
11/09/2021,1962148896.9097497
12/09/2021,1526288179.0431836
13/09/2021,4380249885.695589
14/09/2021,4477699681.242835
15/09/2021,3796133575.7956142
16/09/2021,4153268623.6051164
17/09/2021,3314093143.0119085
18/09/2021,1874207408.5200129
19/09/2021,1797162881.967694
20/09/2021,5693199638.620351
21/09/2021,3816937965.8233886
22/09/2021,3589501923.128757
23/09/2021,3583461959.843438
24/09/2021,4656807424.158868
25/09/2021,1498517647.7164574
26/09/2021,2604107988.964765
27/09/2021,3527097521.66913
28/09/2021,3691508332.4979734
29/09/2021,3012885641.9155345
30/09/2021,4504376486.984763
01/10/2021,4232654754.3083906
02/10/2021,3853142042.5200534
03/10/2021,1994398643.2795122
04/10/2021,4985789606.153524
05/10/2021,5416025038.27413
06/10/2021,6336189181.684711
07/10/2021,7063813953.370817
08/10/2021,6223589466.505166
09/10/2021,2464860372.5671453
10/10/2021,2347027649.361444
11/10/2021,5135609835.395792
12/10/2021,6366837726.366944
13/10/2021,4979962944.730588
14/10/2021,5891473872.459068
15/10/2021,8109890836.895517
16/10/2021,4071153200.68119
17/10/2021,2583118319.7704897
18/10/2021,6507541620.990585
19/10/2021,7660166168.948563
20/10/2021,8272914781.251759
21/10/2021,10401915938.665773
22/10/2021,6910857031.200808
23/10/2021,2756385871.7599506
24/10/2021,3236266687.87158
25/10/2021,5639331920.894306
26/10/2021,4843465176.665527
27/10/2021,6142467781.29035
28/10/2021,6817487230.179183
29/10/2021,9086217833.395288
30/10/2021,3024703684.481092
31/10/2021,3075083985.1806726
01/11/2021,8525610065.692273
02/11/2021,7935879531.750709
03/11/2021,4812348605.691654
04/11/2021,6435250914.315516
05/11/2021,2757510648.1908
06/11/2021,2452500859.5113378
07/11/2021,7868335326.849565
08/11/2021,8511741829.845534
09/11/2021,6732821875.94763
10/11/2021,5229229610.491692
11/11/2021,6291969519.770697
12/11/2021,2739693247.9953685
13/11/2021,2187474680.9118695
14/11/2021,5704920149.179018
15/11/2021,10498129183.520773
16/11/2021,7480898358.629728
17/11/2021,10213009488.771072
18/11/2021,6049553192.98817
19/11/2021,2884513913.260687
20/11/2021,2590670066.7854753
21/11/2021,7023168183.001444
22/11/2021,6167254618.969019
23/11/2021,5700109165.167301
24/11/2021,8960165966.469158
25/11/2021,11684205362.319239
26/11/2021,2469579561.408766
27/11/2021,1876057612.1335888
28/11/2021,7530278019.9418335
29/11/2021,6028906432.161463
30/11/2021,8653248451.14843
01/12/2021,7681001473.682921
02/12/2021,5995006290.502215
03/12/2021,7581447200.454808
04/12/2021,3421960961.3978696
05/12/2021,7568392055.448132
06/12/2021,6656838608.239965
07/12/2021,6017762761.471306
08/12/2021,7507375135.427462
09/12/2021,4646748174.122106
11/12/2021,1275484167.4894624
12/12/2021,4853087723.234491
13/12/2021,4698418162.43944
14/12/2021,3686557930.097905
15/12/2021,4310775515.150582
16/12/2021,4982379395.599065
17/12/2021,2953090166.838448
18/12/2021,1192663841.0107796
19/12/2021,5179702380.911862
21/12/2021,4726284070.96699
22/12/2021,6161478519.5308075
24/12/2021,5400013382.068076
25/12/2021,1467023519.278454
26/12/2021,4021079891.0736294
27/12/2021,4649088409.620785
28/12/2021,6252375351.267551
29/12/2021,4495058364.967323
30/12/2021,8132766321.979922
31/12/2021,2251115696.6149817
01/01/2022,1452133098.9064906
02/01/2022,2876707531.398016
03/01/2022,6318179076.736239
04/01/2022,4120168493.1743636
05/01/2022,6001701242.969663
06/01/2022,5738802120.501829
07/01/2022,1793479669.1852403
08/01/2022,1714179077.4363956
09/01/2022,4284557316.178955
10/01/2022,5047411626.824847
11/01/2022,4190460072.2756243
12/01/2022,4128979408.8463817
13/01/2022,4033611360.8800573
14/01/2022,1544258174.202277
15/01/2022,1212228816.9349117
16/01/2022,3617010045.4515376
17/01/2022,3467788987.631183
18/01/2022,6283645420.733321
19/01/2022,4889817377.076394
20/01/2022,9008771354.63786
21/01/2022,5255522709.505004
22/01/2022,2570198094.106021
23/01/2022,7041455187.922009
24/01/2022,4793129267.316919
25/01/2022,4724487375.564173
26/01/2022,5371981515.875196
27/01/2022,4157373396.2608657
28/01/2022,4795236874.619529
29/01/2022,6463007675.5186
30/01/2022,4888913631.257135
31/01/2022,8106321716.426824
01/02/2022,2772975354.8362947
02/02/2022,3817962311.6168633
03/02/2022,4038621760.862401
04/02/2022,3223821586.2602415
05/02/2022,1779702571.4899006
06/02/2022,5383799346.894287
07/02/2022,5859754859.502207
08/02/2022,3696031097.5932536
09/02/2022,5445221748.908677
10/02/2022,6311800630.988444
11/02/2022,2253577642.102851
12/02/2022,1353922240.451119
13/02/2022,3738130873.146192
14/02/2022,5996275894.199901
15/02/2022,3802128926.759299
16/02/2022,3727008285.934386
17/02/2022,4086558916.785429
18/02/2022,1623004423.9240785
19/02/2022,1468226673.0557508
20/02/2022,4035714191.610417
21/02/2022,3543912810.2535915
22/02/2022,3017861449.2149425
23/02/2022,6195394916.861324
24/02/2022,5331044431.493843
25/02/2022,2407133265.9638343
26/02/2022,1844114530.6029348
27/02/2022,6046602126.393123
28/02/2022,6893627293.511368
01/03/2022,5450897868.437432
02/03/2022,4573611315.379651
03/03/2022,5677847228.457849
04/03/2022,1614301923.4661283
05/03/2022,1221415770.8337603
06/03/2022,4567257671.422741
07/03/2022,3918673432.2063947
08/03/2022,6199177258.927656
09/03/2022,4863647840.941094
10/03/2022,5267029596.149032
11/03/2022,1419859005.3521538
12/03/2022,1439995804.8020916
13/03/2022,3127649162.2382407
14/03/2022,3536984794.9247446
15/03/2022,4560772406.06279
16/03/2022,6626010100.106291
17/03/2022,5901502528.208304
18/03/2022,2228834886.153519
19/03/2022,1286402952.1416473
20/03/2022,6292318394.145836
21/03/2022,4455877254.227707
22/03/2022,3963031462.550204
23/03/2022,4246198423.515624
24/03/2022,7477966817.127207
25/03/2022,1885491261.55507
26/03/2022,4081241680.3127346
28/03/2022,7054190211.628341
29/03/2022,7432137463.165101
30/03/2022,5223175410.299848
31/03/2022,7725089743.2688265
01/04/2022,6420672356.962391
02/04/2022,2491811084.6347647
03/04/2022,2061001713.0147858
04/04/2022,4927607024.269423
05/04/2022,4109973025.185322
06/04/2022,4973307102.4678755
07/04/2022,4397281337.2992325
08/04/2022,3214336086.8389087
09/04/2022,2025819116.5886803
10/04/2022,1859650890.1898177
11/04/2022,5145118168.094051
12/04/2022,3550344586.310289
13/04/2022,3702852305.151144
14/04/2022,6126220619.5982895
15/04/2022,2508777341.1963906
16/04/2022,1777062284.0750253
17/04/2022,1246709618.6163137
18/04/2022,3262749299.0192986
19/04/2022,3752455855.7969346
20/04/2022,5390335872.441646
21/04/2022,9221622580.084011
22/04/2022,3034892219.620398
23/04/2022,1324626784.014653
24/04/2022,1742817144.3961654
25/04/2022,3754783006.1736846
26/04/2022,4582894825.063292
27/04/2022,4169765279.274275
28/04/2022,4742383660.078528
29/04/2022,4937991047.844668
