Timestamp,my-wallet-n-users
2019-05-01 00:54:32,36662280
2019-05-01 17:54:32,36722168
2019-05-02 10:54:32,36772309
2019-05-03 03:54:32,36831277
2019-05-03 20:54:32,36917843
2019-05-04 13:54:32,36963663
2019-05-05 06:54:32,37005973
2019-05-05 23:54:32,37087709
2019-05-06 16:54:32,37151460
2019-05-07 09:54:32,37220274
2019-05-08 02:54:32,37290470
2019-05-08 19:54:32,37371043
2019-05-09 12:54:32,37407949
2019-05-10 05:54:32,37471212
2019-05-10 22:54:32,37513711
2019-05-11 15:54:32,37562350
2019-05-12 08:54:32,37584001
2019-05-13 01:54:32,37651694
2019-05-13 18:54:32,37705522
2019-05-14 11:54:32,37766574
2019-05-15 04:54:32,37814660
2019-05-15 21:54:32,37883965
2019-05-16 14:54:32,37936290
2019-05-17 07:54:32,37970967
2019-05-18 00:54:32,38007874
2019-05-18 17:54:32,38065417
2019-05-19 10:54:32,38100124
2019-05-20 03:54:32,38157593
2019-05-20 20:54:32,38204727
2019-05-21 13:54:32,38244045
2019-05-22 06:54:32,38307018
2019-05-22 23:54:32,38356397
2019-05-23 16:54:32,38414559
2019-05-24 09:54:32,38435288
2019-05-25 02:54:32,38484301
2019-05-25 19:54:32,38522399
2019-05-26 12:54:32,38557767
2019-05-27 05:54:32,38589792
2019-05-27 22:54:32,38653016
2019-05-28 15:54:32,38697934
2019-05-29 08:54:32,38732673
2019-05-30 01:54:32,38799864
2019-05-30 18:54:32,38843700
2019-05-31 11:54:32,38872023
2019-06-01 04:54:32,38907007
2019-06-01 21:54:32,38949291
2019-06-02 14:54:32,38962792
2019-06-03 07:54:32,39002339
2019-06-04 00:54:32,39031297
2019-06-04 17:54:32,39066204
2019-06-05 10:54:32,39094131
2019-06-06 03:54:32,39123281
2019-06-06 20:54:32,39156466
2019-06-07 13:54:32,39177372
2019-06-08 06:54:32,39212746
2019-06-08 23:54:32,39228975
2019-06-09 16:54:32,39244468
2019-06-10 09:54:32,39271688
2019-06-11 02:54:32,39303341
2019-06-11 19:54:32,39333621
2019-06-12 12:54:32,39364135
2019-06-13 05:54:32,39393001
2019-06-13 22:54:32,39417837
2019-06-14 15:54:32,39465906
2019-06-15 08:54:32,39484147
2019-06-16 01:54:32,39508214
2019-06-16 18:54:32,39530105
2019-06-17 11:54:32,39565042
2019-06-18 04:54:32,39584604
2019-06-18 21:54:32,39606770
2019-06-19 14:54:32,39645327
2019-06-20 07:54:32,39684115
2019-06-21 00:54:32,39726230
2019-06-21 17:54:32,39751949
2019-06-22 10:54:32,39796206
2019-06-23 03:54:32,39812404
2019-06-23 20:54:32,39840956
2019-06-24 13:54:32,39874981
2019-06-25 06:54:32,39905434
2019-06-25 23:54:32,39928935
2019-06-26 16:54:32,39966160
2019-06-27 09:54:32,39981141
2019-06-28 02:54:32,40017548
2019-06-28 19:54:32,40037636
2019-06-29 12:54:32,40050566
2019-06-30 05:54:32,40074020
2019-06-30 22:54:32,40086673
2019-07-01 15:54:32,40111836
2019-07-02 08:54:32,40122247
2019-07-03 01:54:32,40140698
2019-07-03 18:54:32,40161666
2019-07-04 11:54:32,40180069
2019-07-05 04:54:32,40202103
2019-07-05 21:54:32,40226083
2019-07-06 14:54:32,40239382
2019-07-07 07:54:32,40254690
2019-07-08 00:54:32,40269000
2019-07-08 17:54:32,40283333
2019-07-09 10:54:32,40309827
2019-07-10 03:54:32,40331604
2019-07-10 20:54:32,40357804
2019-07-11 13:54:32,40376174
2019-07-12 06:54:32,40391193
2019-07-12 23:54:32,40410481
2019-07-13 16:54:32,40428051
2019-07-14 09:54:32,40449137
2019-07-15 02:54:32,40461484
2019-07-15 19:54:32,40482019
2019-07-16 12:54:32,40495727
2019-07-17 05:54:32,40510036
2019-07-17 22:54:32,40537127
2019-07-18 15:54:32,40561128
2019-07-19 08:54:32,40589226
2019-07-20 01:54:32,40611463
2019-07-20 18:54:32,40633456
2019-07-21 11:54:32,40649378
2019-07-22 04:54:32,40662060
2019-07-22 21:54:32,40685759
2019-07-23 14:54:32,40714988
2019-07-24 07:54:32,40737498
2019-07-25 00:54:32,40751487
2019-07-25 17:54:32,40770164
2019-07-26 10:54:32,40782340
2019-07-27 03:54:32,40798884
2019-07-27 20:54:32,40826260
2019-07-28 13:54:32,40837155
2019-07-29 06:54:32,40853148
2019-07-29 23:54:32,40872577
2019-07-30 16:54:32,40904092
2019-07-31 09:54:32,40912756
2019-08-01 02:54:32,40932463
2019-08-01 19:54:32,40950579
2019-08-02 12:54:32,40962543
2019-08-03 05:54:32,40981144
2019-08-03 22:54:32,40995332
2019-08-04 15:54:32,41020677
2019-08-05 08:54:32,41028521
2019-08-06 01:54:32,41046814
2019-08-06 18:54:32,41067421
2019-08-07 11:54:32,41082395
2019-08-08 04:54:32,41108175
2019-08-08 21:54:32,41121751
2019-08-09 14:54:32,41137588
2019-08-10 07:54:32,41148010
2019-08-11 00:54:32,41163965
2019-08-11 17:54:32,41173484
2019-08-12 10:54:32,41183316
2019-08-13 03:54:32,41201250
2019-08-13 20:54:32,41212936
2019-08-14 13:54:32,41232379
2019-08-15 06:54:32,41239931
2019-08-15 23:54:32,41259967
2019-08-16 16:54:32,41273187
2019-08-17 09:54:32,41283032
2019-08-18 02:54:32,41297594
2019-08-18 19:54:32,41310517
2019-08-19 12:54:32,41322690
2019-08-20 05:54:32,41340625
2019-08-20 22:54:32,41358516
2019-08-21 15:54:32,41373661
2019-08-22 08:54:32,41398204
2019-08-23 01:54:32,41417686
2019-08-23 18:54:32,41437032
2019-08-24 11:54:32,41453587
2019-08-25 04:54:32,41465245
2019-08-25 21:54:32,41494075
2019-08-26 14:54:32,41506991
2019-08-27 07:54:32,41527053
2019-08-28 00:54:32,41537123
2019-08-28 17:54:32,41550821
2019-08-29 10:54:32,41567754
2019-08-30 03:54:32,41583454
2019-08-30 20:54:32,41603222
2019-08-31 13:54:32,41614400
2019-09-01 06:54:32,41634225
2019-09-01 23:54:32,41646706
2019-09-02 16:54:32,41659718
2019-09-03 09:54:32,41675716
2019-09-04 02:54:32,41691696
2019-09-04 19:54:32,41710860
2019-09-05 12:54:32,41724935
2019-09-06 05:54:32,41747915
2019-09-06 22:54:32,41761011
2019-09-07 15:54:32,41772131
2019-09-08 08:54:32,41785785
2019-09-09 01:54:32,41801581
2019-09-09 18:54:32,41831117
2019-09-10 11:54:32,41840166
2019-09-11 04:54:32,41889438
2019-09-11 21:54:32,41908663
2019-09-12 14:54:32,41926274
2019-09-13 07:54:32,41941175
2019-09-14 00:54:32,41954439
2019-09-14 17:54:32,41975759
2019-09-15 10:54:32,41982557
2019-09-16 03:54:32,42003731
2019-09-16 20:54:32,42022852
2019-09-17 13:54:32,42031074
2019-09-18 06:54:32,42051065
2019-09-18 23:54:32,42066493
2019-09-19 16:54:32,42090468
2019-09-20 09:54:32,42097472
2019-09-21 02:54:32,42115357
2019-09-21 19:54:32,42127508
2019-09-22 12:54:32,42134366
2019-09-23 05:54:32,42152608
2019-09-23 22:54:32,42166786
2019-09-24 15:54:32,42185530
2019-09-25 08:54:32,42198131
2019-09-26 01:54:32,42213886
2019-09-26 18:54:32,42228447
2019-09-27 11:54:32,42235703
2019-09-28 04:54:32,42258154
2019-09-28 21:54:32,42268763
2019-09-29 14:54:32,42285656
2019-09-30 07:54:32,42294928
2019-10-01 00:54:32,42314091
2019-10-01 17:54:32,42331656
2019-10-02 10:54:32,42354433
2019-10-03 03:54:32,42373761
2019-10-03 20:54:32,42403406
2019-10-04 13:54:32,42410916
2019-10-05 06:54:32,42431430
2019-10-05 23:54:32,42440881
2019-10-06 16:54:32,42455257
2019-10-07 09:54:32,42467801
2019-10-08 02:54:32,42485922
2019-10-08 19:54:32,42502529
2019-10-09 12:54:32,42517937
2019-10-10 05:54:32,42532981
2019-10-10 22:54:32,42565920
2019-10-11 15:54:32,42578168
2019-10-12 08:54:32,42605937
2019-10-13 01:54:32,42620103
2019-10-13 18:54:32,42625671
2019-10-14 11:54:32,42646165
2019-10-15 04:54:32,42657221
2019-10-15 21:54:32,42678179
2019-10-16 14:54:32,42690489
2019-10-17 07:54:32,42704431
2019-10-18 00:54:32,42717979
2019-10-18 17:54:32,42727428
2019-10-19 10:54:32,42744436
2019-10-20 03:54:32,42753917
2019-10-20 20:54:32,42773222
2019-10-21 13:54:32,42796483
2019-10-22 06:54:32,42821901
2019-10-22 23:54:32,42835147
2019-10-23 16:54:32,42847186
2019-10-24 09:54:32,42867855
2019-10-25 02:54:32,42883807
2019-10-25 19:54:32,42903322
2019-10-26 12:54:32,42919695
2019-10-27 04:54:32,42935987
2019-10-27 21:54:32,42951085
2019-10-28 14:54:32,42968451
2019-10-29 07:54:32,42988925
2019-10-30 00:54:32,43001793
2019-10-30 17:54:32,43024639
2019-10-31 10:54:32,43041665
2019-11-01 03:54:32,43063823
2019-11-01 20:54:32,43074946
2019-11-02 13:54:32,43084321
2019-11-03 06:54:32,43096329
2019-11-03 23:54:32,43108397
2019-11-04 16:54:32,43127467
2019-11-05 09:54:32,43135749
2019-11-06 02:54:32,43165127
2019-11-06 19:54:32,43181906
2019-11-07 12:54:32,43202655
2019-11-08 05:54:32,43218922
2019-11-08 22:54:32,43230209
2019-11-09 15:54:32,43245198
2019-11-10 08:54:32,43255998
2019-11-11 01:54:32,43273188
2019-11-11 18:54:32,43285709
2019-11-12 11:54:32,43296820
2019-11-13 04:54:32,43320443
2019-11-13 21:54:32,43336137
2019-11-14 14:54:32,43351676
2019-11-15 07:54:32,43362660
2019-11-16 00:54:32,43389956
2019-11-16 17:54:32,43419876
2019-11-17 10:54:32,43432543
2019-11-18 03:54:32,43455306
2019-11-18 20:54:32,43482962
2019-11-19 13:54:32,43518795
2019-11-20 06:54:32,43540281
2019-11-20 23:54:32,43574385
2019-11-21 16:54:32,43590972
2019-11-22 09:54:32,43629133
2019-11-23 02:54:32,43660558
2019-11-23 19:54:32,43684144
2019-11-24 12:54:32,43703259
2019-11-25 05:54:32,43719529
2019-11-25 22:54:32,43740645
2019-11-26 15:54:32,43757758
2019-11-27 08:54:32,43775853
2019-11-28 01:54:32,43803990
2019-11-28 18:54:32,43828027
2019-11-29 11:54:32,43847203
2019-11-30 04:54:32,43858696
2019-11-30 21:54:32,43882184
2019-12-01 14:54:32,43894096
2019-12-02 07:54:32,43916129
2019-12-03 00:54:32,43945645
2019-12-03 17:54:32,43961441
2019-12-04 10:54:32,43998935
2019-12-05 03:54:32,44007637
2019-12-05 20:54:32,44032234
2019-12-06 13:54:32,44046973
2019-12-07 06:54:32,44063902
2019-12-07 23:54:32,44083089
2019-12-08 16:54:32,44101415
2019-12-09 09:54:32,44126743
2019-12-10 02:54:32,44145478
2019-12-10 19:54:32,44172639
2019-12-11 12:54:32,44191771
2019-12-12 05:54:32,44215604
2019-12-12 22:54:32,44251187
2019-12-13 15:54:32,44275601
2019-12-14 08:54:32,44296362
2019-12-15 01:54:32,44321648
2019-12-15 18:54:32,44350614
2019-12-16 11:54:32,44366315
2019-12-21 23:00:00,44511642
2020-01-07 23:00:00,44875478
2020-01-22 12:54:32,45274690
2020-01-23 05:54:32,45277170
2020-01-23 22:54:32,45299356
2020-01-24 15:54:32,45313590
2020-01-25 08:54:32,45330479
2020-01-26 01:54:32,45342388
2020-01-26 18:54:32,45356618
2020-01-27 11:54:32,45382348
2020-01-28 04:54:32,45400163
2020-01-28 21:54:32,45421892
2020-01-29 14:54:32,45443453
2020-01-30 07:54:32,45458408
2020-01-31 00:54:32,45478784
2020-01-31 17:54:32,45508555
2020-02-01 10:54:32,45543087
2020-02-02 03:54:32,45560812
2020-02-02 20:54:32,45590196
2020-02-03 13:54:32,45615989
2020-02-04 06:54:32,45629234
2020-02-04 23:54:32,45658934
2020-02-05 16:54:32,45676936
2020-02-06 09:54:32,45695284
2020-02-07 02:54:32,45709226
2020-02-07 19:54:32,45732531
2020-02-08 12:54:32,45743857
2020-02-09 05:54:32,45758715
2020-02-09 22:54:32,45782541
2020-02-10 15:54:32,45799382
2020-02-11 08:54:32,45820295
2020-02-12 01:54:32,45833055
2020-02-12 18:54:32,45860122
2020-02-13 11:54:32,45871353
2020-02-14 04:54:32,45887470
2020-02-14 21:54:32,45907002
2020-02-15 14:54:32,45923950
2020-02-16 07:54:32,45941918
2020-02-17 00:54:32,45958115
2020-02-17 17:54:32,45980248
2020-02-18 10:54:32,45996296
2020-02-19 03:54:32,46008665
2020-02-19 20:54:32,46033977
2020-02-20 13:54:32,46048457
2020-02-21 06:54:32,46066015
2020-02-21 23:54:32,46078533
2020-02-22 16:54:32,46097716
2020-02-23 09:54:32,46109417
2020-02-24 02:54:32,46121612
2020-02-24 19:54:32,46144447
2020-02-25 12:54:32,46153596
2020-02-26 05:54:32,46176017
2020-02-26 22:54:32,46190098
2020-02-27 15:54:32,46210006
2020-02-28 08:54:32,46225608
2020-02-29 01:54:32,46244645
2020-02-29 18:54:32,46258265
2020-03-01 11:54:32,46269405
2020-03-02 04:54:32,46284367
2020-03-02 21:54:32,46296766
2020-03-03 14:54:32,46309514
2020-03-04 07:54:32,46333287
2020-03-05 00:54:32,46346190
2020-03-05 17:54:32,46371330
2020-03-06 10:54:32,46380703
2020-03-07 03:54:32,46400593
2020-03-07 20:54:32,46415100
2020-03-08 13:54:32,46425733
2020-03-09 06:54:32,46440772
2020-03-09 23:54:32,46454147
2020-03-10 16:54:32,46474635
2020-03-11 09:54:32,46489183
2020-03-12 02:54:32,46510669
2020-03-12 19:54:32,46527725
2020-03-13 12:54:32,46558540
2020-03-14 05:54:32,46571921
2020-03-14 22:54:32,46594448
2020-03-15 15:54:32,46616929
2020-03-16 08:54:32,46627376
2020-03-17 01:54:32,46656942
2020-03-17 18:54:32,46673128
2020-03-18 11:54:32,46698107
2020-03-19 04:54:32,46709264
2020-03-19 21:54:32,46734135
2020-03-20 14:54:32,46757500
2020-03-21 07:54:32,46770580
2020-03-22 00:54:32,46807621
2020-03-22 17:54:32,46835990
2020-03-23 10:54:32,46860343
2020-03-24 03:54:32,46878912
2020-03-24 20:54:32,46911396
2020-03-25 13:54:32,46930091
2020-03-26 06:54:32,46954396
2020-03-26 23:54:32,46981608
2020-03-27 16:54:32,46999239
2020-03-28 09:54:32,47024338
2020-03-29 03:54:32,47045084
2020-03-29 20:54:32,47071767
2020-03-30 13:54:32,47092868
2020-03-31 06:54:32,47107739
2020-03-31 23:54:32,47141605
2020-04-01 16:54:32,47159951
2020-04-02 09:54:32,47189425
2020-04-03 02:54:32,47216588
2020-04-03 19:54:32,47236254
2020-04-04 12:54:32,47270376
2020-04-05 05:54:32,47286940
2020-04-05 22:54:32,47312296
2020-04-06 15:54:32,47347479
2020-04-07 08:54:32,47363453
2020-04-08 01:54:32,47401049
2020-04-08 18:54:32,47421088
2020-04-09 11:54:32,47456904
2020-04-10 04:54:32,47473019
2020-04-10 21:54:32,47499401
2020-04-11 14:54:32,47525466
2020-04-12 07:54:32,47546055
2020-04-13 00:54:32,47576268
2020-04-13 17:54:32,47599472
2020-04-14 10:54:32,47619558
2020-04-15 03:54:32,47652972
2020-04-15 20:54:32,47671079
2020-04-16 13:54:32,47693916
2020-04-17 06:54:32,47718896
2020-04-17 23:54:32,47748699
2020-04-18 16:54:32,47766528
2020-04-19 09:54:32,47784041
2020-04-20 02:54:32,47812712
2020-04-20 19:54:32,47840252
2020-04-21 12:54:32,47870493
2020-04-22 05:54:32,47888302
2020-04-22 22:54:32,47921197
2020-04-23 15:54:32,47940056
2020-04-24 08:54:32,47960512
2020-04-25 01:54:32,47990819
2020-04-25 18:54:32,48011787
2020-04-26 11:54:32,48039229
2020-04-27 04:54:32,48060199
2020-04-27 21:54:32,48089521
2020-04-28 14:54:32,48106471
2020-04-29 07:54:32,48126954
2020-04-30 00:54:32,48165067
2020-04-30 17:54:32,48193433
2020-05-01 10:54:32,48228328
2020-05-02 03:54:32,48247908
2020-05-02 20:54:32,48280353
2020-05-03 13:54:32,48305123
2020-05-04 06:54:32,48321491
2020-05-04 23:54:32,48349487
2020-05-05 16:54:32,48389132
2020-05-06 09:54:32,48410670
2020-05-07 02:54:32,48457904
2020-05-07 19:54:32,48501845
2020-05-08 12:54:32,48534979
2020-05-09 05:54:32,48596833
2020-05-09 22:54:32,48643060
2020-05-10 15:54:32,48711408
2020-05-11 08:54:32,48762353
2020-05-12 01:54:32,48797754
2020-05-12 18:54:32,48827911
2020-05-13 11:54:32,48854308
2020-05-14 04:54:32,48896393
2020-05-14 21:54:32,48930040
2020-05-15 14:54:32,48985559
2020-05-16 07:54:32,49008283
2020-05-17 00:54:32,49038987
2020-05-17 17:54:32,49072394
2020-05-18 10:54:32,49098935
2020-05-19 03:54:32,49137349
2020-05-19 20:54:32,49161786
2020-05-20 13:54:32,49203381
2020-05-21 06:54:32,49227101
2020-05-21 23:54:32,49254397
2020-05-22 16:54:32,49291081
2020-05-23 09:54:32,49309268
2020-05-24 02:54:32,49345089
2020-05-24 19:54:32,49378595
2020-05-25 12:54:32,49413967
2020-05-26 05:54:32,49435577
2020-05-26 22:54:32,49457839
2020-05-27 15:54:32,49483073
2020-05-28 08:54:32,49503721
2020-05-29 01:54:32,49534814
2020-05-29 18:54:32,49552512
2020-05-30 11:54:32,49578861
2020-05-31 04:54:32,49592093
2020-05-31 21:54:32,49612974
2020-06-01 14:54:32,49639293
2020-06-02 07:54:32,49657733
2020-06-03 00:54:32,49685422
2020-06-03 17:54:32,49709097
2020-06-04 10:54:32,49727947
2020-06-05 03:54:32,49752400
2020-06-05 20:54:32,49783919
2020-06-06 13:54:32,49804097
2020-06-07 06:54:32,49830071
2020-06-07 23:54:32,49853334
2020-06-08 16:54:32,49888402
2020-06-09 09:54:32,49902586
2020-06-10 02:54:32,49927417
2020-06-10 19:54:32,49956355
2020-06-11 12:54:32,49977636
2020-06-12 05:54:32,50005986
2020-06-12 22:54:32,50031529
2020-06-13 15:54:32,50058282
2020-06-14 08:54:32,50074411
2020-06-15 01:54:32,50100072
2020-06-15 18:54:32,50126939
2020-06-16 11:54:32,50152553
2020-06-17 04:54:32,50183707
2020-06-17 21:54:32,50218652
2020-06-18 14:54:32,50235692
2020-06-19 07:54:32,50266762
2020-06-20 00:54:32,50285579
2020-06-20 17:54:32,50311280
2020-06-21 10:54:32,50344864
2020-06-22 03:54:32,50374707
2020-06-22 20:54:32,50415711
2020-06-23 13:54:32,50437836
2020-06-24 06:54:32,50472691
2020-06-24 23:54:32,50493134
2020-06-25 16:54:32,50513976
2020-06-26 09:54:32,50544849
2020-06-27 02:54:32,50568989
2020-06-27 19:54:32,50600687
2020-06-28 12:54:32,50625043
2020-06-29 05:54:32,50658095
2020-06-29 22:54:32,50681131
2020-06-30 15:54:32,50707086
2020-07-01 08:54:32,50744373
2020-07-02 01:54:32,50767121
2020-07-02 18:54:32,50802985
2020-07-03 11:54:32,50819572
2020-07-04 04:54:32,50849128
2020-07-04 21:54:32,50874784
2020-07-05 14:54:32,50888757
2020-07-06 07:54:32,50922841
2020-07-07 00:54:32,50946336
2020-07-07 17:54:32,50976071
2020-07-08 10:54:32,50999025
2020-07-09 03:54:32,51033047
2020-07-09 20:54:32,51061792
2020-07-10 13:54:32,51086889
2020-07-11 06:54:32,51114667
2020-07-11 23:54:32,51143211
2020-07-12 16:54:32,51179181
2020-07-13 09:54:32,51204773
2020-07-14 02:54:32,51241007
2020-07-14 19:54:32,51264652
2020-07-15 12:54:32,51289691
2020-07-16 05:54:32,51328847
2020-07-16 22:54:32,51353381
2020-07-17 15:54:32,51390785
2020-07-18 08:54:32,51412778
2020-07-19 01:54:32,51443226
2020-07-19 18:54:32,51467910
2020-07-20 11:54:32,51489570
2020-07-21 04:54:32,51531460
2020-07-21 21:54:32,51559155
2020-07-22 14:54:32,51592769
2020-07-23 07:54:32,51621718
2020-07-24 00:54:32,51667919
2020-07-24 17:54:32,51702236
2020-07-25 10:54:32,51724150
2020-07-26 03:54:32,51769259
2020-07-26 20:54:32,51801499
2020-07-27 13:54:32,51838178
2020-07-28 06:54:32,51874740
2020-07-28 23:54:32,51919206
2020-07-29 16:54:32,51952473
2020-07-30 09:54:32,51974441
2020-07-31 02:54:32,52016198
2020-07-31 19:54:32,52039617
2020-08-01 12:54:32,52071410
2020-08-02 05:54:32,52092347
2020-08-02 22:54:32,52129050
2020-08-03 15:54:32,52148832
2020-08-04 08:54:32,52179995
2020-08-05 01:54:32,52203973
2020-08-05 18:54:32,52226563
2020-08-06 11:54:32,52265582
2020-08-07 04:54:32,52281159
2020-08-07 21:54:32,52313081
2020-08-08 14:54:32,52335648
2020-08-09 07:54:32,52353235
2020-08-10 00:54:32,52391025
2020-08-10 17:54:32,52419945
2020-08-11 10:54:32,52443982
2020-08-12 03:54:32,52467263
2020-08-12 20:54:32,52507724
2020-08-13 13:54:32,52532141
2020-08-14 06:54:32,52563714
2020-08-14 23:54:32,52602380
2020-08-15 16:54:32,52627011
2020-08-16 09:54:32,52649995
2020-08-17 02:54:32,52670406
2020-08-17 19:54:32,52706520
2020-08-18 12:54:32,52723143
2020-08-19 05:54:32,52761769
2020-08-19 22:54:32,52782166
2020-08-20 15:54:32,52817610
2020-08-21 08:54:32,52832604
2020-08-22 01:54:32,52856667
2020-08-22 18:54:32,52886211
2020-08-23 11:54:32,52905086
2020-08-24 04:54:32,52932566
2020-08-24 21:54:32,52960154
2020-08-25 14:54:32,52991948
2020-08-26 07:54:32,53005261
2020-08-27 00:54:32,53029649
2020-08-27 17:54:32,53055487
2020-08-28 10:54:32,53075277
2020-08-29 03:54:32,53100248
2020-08-29 20:54:32,53122759
2020-08-30 13:54:32,53146374
2020-08-31 06:54:32,53166068
2020-08-31 23:54:32,53185834
2020-09-01 16:54:32,53215210
2020-09-02 09:54:32,53236722
2020-09-03 02:54:32,53264938
2020-09-03 19:54:32,53290770
2020-09-04 12:54:32,53320829
2020-09-05 05:54:32,53337050
2020-09-05 22:54:32,53356274
2020-09-06 15:54:32,53384436
2020-09-07 08:54:32,53395231
2020-09-08 01:54:32,53425635
2020-09-08 18:54:32,53449473
2020-09-09 11:54:32,53473965
2020-09-10 04:54:32,53493863
2020-09-10 21:54:32,53516044
2020-09-11 14:54:32,53539575
2020-09-12 07:54:32,53561715
2020-09-13 00:54:32,53591694
2020-09-13 17:54:32,53615722
2020-09-14 10:54:32,53647172
2020-09-15 03:54:32,53662339
2020-09-15 20:54:32,53688939
2020-09-16 13:54:32,53716726
2020-09-17 06:54:32,53738743
2020-09-17 23:54:32,53775172
2020-09-18 16:54:32,53806038
2020-09-19 09:54:32,53830258
2020-09-20 02:54:32,53848460
2020-09-20 19:54:32,53887732
2020-09-21 12:54:32,53904691
2020-09-22 05:54:32,53947345
2020-09-22 22:54:32,53969300
2020-09-23 15:54:32,54003620
2020-09-24 08:54:32,54017547
2020-09-25 01:54:32,54042376
2020-09-25 18:54:32,54070881
2020-09-26 11:54:32,54089822
2020-09-27 04:54:32,54120575
2020-09-27 21:54:32,54148169
2020-09-28 14:54:32,54176009
2020-09-29 07:54:32,54200481
2020-09-30 00:54:32,54224524
2020-09-30 17:54:32,54268353
2020-10-01 10:54:32,54290217
2020-10-02 03:54:32,54328109
2020-10-02 20:54:32,54355557
2020-10-03 13:54:32,54381298
2020-10-04 06:54:32,54400552
2020-10-04 23:54:32,54422490
2020-10-05 16:54:32,54466372
2020-10-06 09:54:32,54483954
2020-10-07 02:54:32,54516464
2020-10-07 19:54:32,54544080
2020-10-08 12:54:32,54575650
2020-10-09 05:54:32,54597777
2020-10-09 22:54:32,54634276
2020-10-10 15:54:32,54670996
2020-10-11 08:54:32,54701746
2020-10-12 01:54:32,54746017
2020-10-12 18:54:32,54782949
2020-10-13 11:54:32,54838051
2020-10-14 04:54:32,54861963
2020-10-14 21:54:32,54902129
2020-10-15 14:54:32,54949726
2020-10-16 07:54:32,54972122
2020-10-17 00:54:32,55007047
2020-10-17 17:54:32,55030303
2020-10-18 10:54:32,55061170
2020-10-19 03:54:32,55090019
2020-10-19 20:54:32,55115853
2020-10-20 13:54:32,55148171
2020-10-21 06:54:32,55175495
2020-10-21 23:54:32,55215468
2020-10-22 16:54:32,55247020
2020-10-23 09:54:32,55291812
2020-10-24 02:54:32,55318601
2020-10-24 19:54:32,55364970
2020-10-25 11:54:32,55386127
2020-10-26 04:54:32,55413053
2020-10-26 21:54:32,55473451
2020-10-27 14:54:32,55500633
2020-10-28 07:54:32,55535852
2020-10-29 00:54:32,55563770
2020-10-29 17:54:32,55603227
2020-10-30 10:54:32,55631779
2020-10-31 03:54:32,55649649
2020-10-31 20:54:32,55684405
2020-11-01 13:54:32,55709915
2020-11-02 06:54:32,55745623
2020-11-02 23:54:32,55764602
2020-11-03 16:54:32,55795796
2020-11-04 09:54:32,55821812
2020-11-05 02:54:32,55889516
2020-11-05 19:54:32,55991743
2020-11-06 12:54:32,56039181
2020-11-07 05:54:32,56217211
2020-11-07 22:54:32,56369296
2020-11-08 15:54:32,56596388
2020-11-09 08:54:32,56748994
2020-11-10 01:54:32,56897595
2020-11-10 18:54:32,57020742
2020-11-11 11:54:32,57230610
2020-11-12 04:54:32,57324607
2020-11-12 21:54:32,57514505
2020-11-13 14:54:32,57646148
2020-11-14 07:54:32,57775166
2020-11-15 00:54:32,57995004
2020-11-15 17:54:32,58147334
2020-11-16 10:54:32,58263296
2020-11-17 03:54:32,58334504
2020-11-17 20:54:32,58474239
2020-11-18 13:54:32,58542325
2020-11-19 06:54:32,58689767
2020-11-19 23:54:32,58795042
2020-11-20 16:54:32,58891563
2020-11-21 09:54:32,59048695
2020-11-22 02:54:32,59138875
2020-11-22 19:54:32,59266274
2020-11-23 12:54:32,59366296
2020-11-24 05:54:32,59512555
2020-11-24 22:54:32,59629098
2020-11-25 15:54:32,59706935
2020-11-26 08:54:32,59852994
2020-11-27 01:54:32,59940448
2020-11-27 18:54:32,60040111
2020-11-28 11:54:32,60103561
2020-11-29 04:54:32,60152825
2020-11-29 21:54:32,60237279
2020-11-30 14:54:32,60321990
2020-12-01 07:54:32,60404500
2020-12-02 00:54:32,60467342
2020-12-02 17:54:32,60541444
2020-12-03 10:54:32,60580066
2020-12-04 03:54:32,60632596
2020-12-04 20:54:32,60704880
2020-12-05 13:54:32,60761701
2020-12-06 06:54:32,60830908
2020-12-06 23:54:32,60870532
2020-12-07 16:54:32,60951761
2020-12-08 09:54:32,60988623
2020-12-09 02:54:32,61061885
2020-12-09 19:54:32,61173163
2020-12-10 12:54:32,61225661
2020-12-11 05:54:32,61332291
2020-12-11 22:54:32,61393514
2020-12-12 15:54:32,61497483
2020-12-13 08:54:32,61536828
2020-12-14 01:54:32,61598443
2020-12-14 18:54:32,61690250
2020-12-15 11:54:32,61753381
2020-12-16 04:54:32,61840368
2020-12-16 21:54:32,61909985
2020-12-17 14:54:32,62007604
2020-12-18 07:54:32,62089384
2020-12-19 00:54:32,62164118
2020-12-19 17:54:32,62245572
2020-12-20 10:54:32,62285608
2020-12-21 03:54:32,62387280
2020-12-21 20:54:32,62445179
2020-12-22 13:54:32,62537750
2020-12-23 06:54:32,62596179
2020-12-23 23:54:32,62651498
2020-12-24 16:54:32,62753715
2020-12-25 09:54:32,62802381
2020-12-26 02:54:32,62888206
2020-12-26 19:54:32,62962878
2020-12-27 12:54:32,63057974
2020-12-28 05:54:32,63134517
2020-12-28 22:54:32,63199039
2020-12-29 15:54:32,63288279
2020-12-30 08:54:32,63351659
2020-12-31 01:54:32,63424343
2020-12-31 18:54:32,63457366
2021-01-01 11:54:32,63530742
2021-01-02 04:54:32,63569361
2021-01-02 21:54:32,63639909
2021-01-03 14:54:32,63721612
2021-01-04 07:54:32,63779084
2021-01-05 00:54:32,63867764
2021-01-05 17:54:32,63953197
2021-01-06 10:54:32,64020580
2021-01-07 03:54:32,64082962
2021-01-07 20:54:32,64152631
2021-01-08 13:54:32,64235131
2021-01-09 06:54:32,64285668
2021-01-09 23:54:32,64357455
2021-01-10 16:54:32,64407604
2021-01-11 09:54:32,64494330
2021-01-12 02:54:32,64536979
2021-01-12 19:54:32,64594938
2021-01-13 12:54:32,64666474
2021-01-14 05:54:32,64717830
2021-01-14 22:54:32,64785694
2021-01-15 15:54:32,64836331
2021-01-16 08:54:32,64898477
2021-01-17 01:54:32,64933176
2021-01-17 18:54:32,64984596
2021-01-18 11:54:32,65067932
2021-01-19 04:54:32,65115438
2021-01-19 21:54:32,65209282
2021-01-20 14:54:32,65272983
2021-01-21 07:54:32,65341348
2021-01-22 00:54:32,65395557
2021-01-22 17:54:32,65440298
2021-01-23 10:54:32,65508092
2021-01-24 03:54:32,65568257
2021-01-24 20:54:32,65642269
2021-01-25 13:54:32,65694409
2021-01-26 06:54:32,65750489
2021-01-26 23:54:32,65797763
2021-01-27 16:54:32,65834933
2021-01-28 09:54:32,65918891
2021-01-29 02:54:32,65963726
2021-01-29 19:54:32,66054935
2021-01-30 12:54:32,66093685
2021-01-31 05:54:32,66169848
2021-01-31 22:54:32,66215984
2021-02-01 15:54:32,66276774
2021-02-02 08:54:32,66340581
2021-02-03 01:54:32,66388207
2021-02-03 18:54:32,66453529
2021-02-04 11:54:32,66483994
2021-02-05 04:54:32,66555496
2021-02-05 21:54:32,66600049
2021-02-06 14:54:32,66655206
2021-02-07 07:54:32,66729297
2021-02-08 00:54:32,66784607
2021-02-08 17:54:32,66869436
2021-02-09 10:54:32,66931750
2021-02-10 03:54:32,67016611
2021-02-10 20:54:32,67085259
2021-02-11 13:54:32,67127452
2021-02-12 06:54:32,67218882
2021-02-12 23:54:32,67269941
2021-02-13 16:54:32,67338918
2021-02-14 09:54:32,67397161
2021-02-15 02:54:32,67488339
2021-02-15 19:54:32,67568876
2021-02-16 12:54:32,67618994
2021-02-17 05:54:32,67705045
2021-02-17 22:54:32,67750771
2021-02-18 15:54:32,67829927
2021-02-19 08:54:32,67886788
2021-02-20 01:54:32,67976380
2021-02-20 18:54:32,68068190
2021-02-21 11:54:32,68112275
2021-02-22 04:54:32,68174338
2021-02-22 21:54:32,68241019
2021-02-23 14:54:32,68343337
2021-02-24 07:54:32,68401902
2021-02-25 00:54:32,68445181
2021-02-25 17:54:32,68506021
2021-02-26 10:54:32,68553311
2021-02-27 03:54:32,68627259
2021-02-27 20:54:32,68696757
2021-02-28 13:54:32,68764103
2021-03-01 06:54:32,68798626
2021-03-01 23:54:32,68845871
2021-03-02 16:54:32,68899857
2021-03-03 09:54:32,68948115
2021-03-04 02:54:32,68986641
2021-03-04 19:54:32,69036146
2021-03-05 12:54:32,69063478
2021-03-06 05:54:32,69098675
2021-03-06 22:54:32,69153037
2021-03-07 15:54:32,69193898
2021-03-08 08:54:32,69236509
2021-03-09 01:54:32,69268373
2021-03-09 18:54:32,69280653
2021-03-10 11:54:32,69336275
2021-03-11 04:54:32,69371292
2021-03-11 21:54:32,69420239
2021-03-12 14:54:32,69445353
2021-03-13 07:54:32,69501333
2021-03-14 00:54:32,69531607
2021-03-14 17:54:32,69573103
2021-03-15 10:54:32,69622192
2021-03-16 03:54:32,69652180
2021-03-16 20:54:32,69704737
2021-03-17 13:54:32,69743920
2021-03-18 06:54:32,69785694
2021-03-18 23:54:32,69833542
2021-03-19 16:54:32,69878801
2021-03-20 09:54:32,69926460
2021-03-21 02:54:32,69963783
2021-03-21 19:54:32,70026626
2021-03-22 12:54:32,70072461
2021-03-23 05:54:32,70109532
2021-03-23 22:54:32,70180125
2021-03-24 15:54:32,70230614
2021-03-25 08:54:32,70272584
2021-03-26 01:54:32,70298536
2021-03-26 18:54:32,70342663
2021-03-27 11:54:32,70366615
2021-03-28 05:54:32,70398132
2021-03-28 22:54:32,70441517
2021-03-29 15:54:32,70477924
2021-03-30 08:54:32,70532135
2021-03-31 01:54:32,70574776
2021-03-31 18:54:32,70654818
2021-04-01 11:54:32,70709279
2021-04-02 04:54:32,70755576
2021-04-02 21:54:32,70826200
2021-04-03 14:54:32,70855732
2021-04-04 07:54:32,70905376
2021-04-05 00:54:32,70950321
2021-04-05 17:54:32,71005161
2021-04-06 10:54:32,71041410
2021-04-07 03:54:32,71067993
2021-04-07 20:54:32,71102912
2021-04-08 13:54:32,71131803
2021-04-09 06:54:32,71168582
2021-04-09 23:54:32,71201154
2021-04-10 16:54:32,71237794
2021-04-11 09:54:32,71261686
2021-04-12 02:54:32,71289185
2021-04-12 19:54:32,71341311
2021-04-13 12:54:32,71370960
2021-04-14 05:54:32,71429441
2021-04-14 22:54:32,71459756
2021-04-15 15:54:32,71509209
2021-04-16 08:54:32,71534395
2021-04-17 01:54:32,71581407
2021-04-17 18:54:32,71626566
2021-04-18 11:54:32,71652874
2021-04-19 04:54:32,71689639
2021-04-19 21:54:32,71716503
2021-04-20 14:54:32,71761811
2021-04-21 07:54:32,71784999
2021-04-22 00:54:32,71813518
2021-04-22 17:54:32,71859594
2021-04-23 10:54:32,71891986
2021-04-24 03:54:32,71936556
2021-04-24 20:54:32,71969289
2021-04-25 13:54:32,72007338
2021-04-26 06:54:32,72037683
2021-04-26 23:54:32,72063678
2021-04-27 16:54:32,72110435
2021-04-28 09:54:32,72139673
2021-04-29 02:54:32,72178182
2021-04-29 19:54:32,72209342
2021-04-30 12:54:32,72243107
2021-05-01 05:54:32,72270507
2021-05-01 22:54:32,72296975
2021-05-02 15:54:32,72344287
2021-05-03 08:54:32,72372449
2021-05-04 01:54:32,72410670
2021-05-04 18:54:32,72441537
2021-05-05 11:54:32,72482539
2021-05-06 04:54:32,72511155
2021-05-06 21:54:32,72544353
2021-05-07 14:54:32,72588106
2021-05-08 07:54:32,72606680
2021-05-09 00:54:32,72641463
2021-05-09 17:54:32,72668583
2021-05-10 10:54:32,72706248
2021-05-11 03:54:32,72736772
2021-05-11 20:54:32,72767118
2021-05-12 13:54:32,72793034
2021-05-13 06:54:32,72822953
2021-05-13 23:54:32,72851074
2021-05-14 16:54:32,72878672
2021-05-15 09:54:32,72907692
2021-05-16 02:54:32,72930567
2021-05-16 19:54:32,72951528
2021-05-17 12:54:32,72981022
2021-05-18 05:54:32,73004013
2021-05-18 22:54:32,73035295
2021-05-19 15:54:32,73071429
2021-05-20 08:54:32,73105858
2021-05-21 01:54:32,73122366
2021-05-21 18:54:32,73141813
2021-05-22 11:54:32,73169557
2021-05-23 04:54:32,73192979
2021-05-23 21:54:32,73229404
2021-05-24 14:54:32,73257050
2021-05-25 07:54:32,73295871
2021-05-26 00:54:32,73329130
2021-05-26 17:54:32,73365685
2021-05-27 10:54:32,73386080
2021-05-28 03:54:32,73413020
2021-05-28 20:54:32,73438872
2021-05-29 13:54:32,73463038
2021-05-30 06:54:32,73472641
2021-05-30 23:54:32,73497375
2021-05-31 16:54:32,73510158
2021-06-01 09:54:32,73510158
2021-06-02 02:54:32,73510158
2021-06-02 19:54:32,73510158
2021-06-03 12:54:32,73624200
2021-06-04 05:54:32,73653602
2021-06-04 22:54:32,73683686
2021-06-05 15:54:32,73719164
2021-06-06 08:54:32,73739627
2021-06-07 01:54:32,73766128
2021-06-07 18:54:32,73797771
2021-06-08 11:54:32,73849530
2021-06-09 04:54:32,73855255
2021-06-09 21:54:32,73900191
2021-06-10 14:54:32,73919208
2021-06-11 07:54:32,73937133
2021-06-12 00:54:32,73961075
2021-06-12 17:54:32,73978203
2021-06-13 10:54:32,74014618
2021-06-14 03:54:32,74029576
2021-06-14 20:54:32,74052123
2021-06-15 13:54:32,74424320
2021-06-16 06:54:32,74424320
2021-06-16 23:54:32,74424320
2021-06-17 16:54:32,74424320
2021-06-18 09:54:32,74424320
2021-06-19 02:54:32,74424320
2021-06-19 19:54:32,74424320
2021-06-20 12:54:32,74424320
2021-06-21 05:54:32,74424320
2021-06-21 22:54:32,74424320
2021-06-22 15:54:32,74424320
2021-06-23 08:54:32,74424320
2021-06-24 01:54:32,74424320
2021-06-24 18:54:32,74424320
2021-06-25 11:54:32,74424320
2021-06-26 04:54:32,74424320
2021-06-26 21:54:32,74424320
2021-06-27 14:54:32,74424320
2021-06-28 07:54:32,74424320
2021-06-29 00:54:32,74459115
2021-06-29 17:54:32,74485611
2021-06-30 10:54:32,74508878
2021-07-01 03:54:32,74535522
2021-07-01 20:54:32,74557357
2021-07-02 13:54:32,74572896
2021-07-03 06:54:32,74579910
2021-07-03 23:54:32,74593727
2021-07-04 16:54:32,74605463
2021-07-05 09:54:32,74620906
2021-07-06 02:54:32,74628386
2021-07-06 19:54:32,74641798
2021-07-07 12:54:32,74656105
2021-07-08 05:54:32,74665785
2021-07-08 22:54:32,74680560
2021-07-09 15:54:32,74689421
2021-07-10 08:54:32,74709425
2021-07-11 01:54:32,74722682
2021-07-11 18:54:32,74733228
2021-07-12 11:54:32,74746284
2021-07-13 04:54:32,74753626
2021-07-13 21:54:32,74770429
2021-07-14 14:54:32,74781617
2021-07-15 07:54:32,74791920
2021-07-16 00:54:32,74806376
2021-07-16 17:54:32,74815518
2021-07-17 10:54:32,74830546
2021-07-18 03:54:32,74837590
2021-07-18 20:54:32,74850926
2021-07-19 13:54:32,74861611
2021-07-20 06:54:32,74870505
2021-07-20 23:54:32,74892513
2021-07-21 16:54:32,74903867
2021-07-22 09:54:32,74917295
2021-07-23 02:54:32,74928926
2021-07-23 19:54:32,74943946
2021-07-24 12:54:32,74957374
2021-07-25 05:54:32,74966209
2021-07-25 22:54:32,74981271
2021-07-26 15:54:32,74994101
2021-07-27 08:54:32,75010719
2021-07-28 01:54:32,75024932
2021-07-28 18:54:32,75045020
2021-07-29 11:54:32,75057878
2021-07-30 04:54:32,75067888
2021-07-30 21:54:32,75085896
2021-07-31 14:54:32,75097601
2021-08-01 07:54:32,75111273
2021-08-02 00:54:32,75123458
2021-08-02 17:54:32,75139114
2021-08-03 10:54:32,75146713
2021-08-04 03:54:32,75160046
2021-08-04 20:54:32,75178602
2021-08-05 13:54:32,75190029
2021-08-06 06:54:32,75206715
2021-08-06 23:54:32,75221100
2021-08-07 16:54:32,75238831
2021-08-08 09:54:32,75253881
2021-08-09 02:54:32,75265428
2021-08-09 19:54:32,75283945
2021-08-10 12:54:32,75295199
2021-08-11 05:54:32,75316288
2021-08-11 22:54:32,75336013
2021-08-12 15:54:32,75368411
2021-08-13 08:54:32,75388539
2021-08-14 01:54:32,75539738
2021-08-14 18:54:32,75566791
2021-08-15 11:54:32,75582318
2021-08-16 04:54:32,75601067
2021-08-16 21:54:32,75619379
2021-08-17 14:54:32,75660018
2021-08-18 07:54:32,75685631
2021-08-19 00:54:32,75721998
2021-08-19 17:54:32,75785507
2021-08-20 10:54:32,75815397
2021-08-21 03:54:32,75871353
2021-08-21 20:54:32,75905169
2021-08-22 13:54:32,75946117
2021-08-23 06:54:32,75982780
2021-08-23 23:54:32,76022034
2021-08-24 16:54:32,76072385
2021-08-25 09:54:32,76123028
2021-08-26 02:54:32,76179660
2021-08-26 19:54:32,76204344
2021-08-27 12:54:32,76217106
2021-08-28 05:54:32,76231674
2021-08-28 22:54:32,76245365
2021-08-29 15:54:32,76267810
2021-08-30 08:54:32,76278837
2021-08-31 01:54:32,76294143
2021-08-31 18:54:32,76314536
2021-09-01 11:54:32,76327901
2021-09-02 04:54:32,76345031
2021-09-02 21:54:32,76360954
2021-09-03 14:54:32,76379504
2021-09-04 07:54:32,76389712
2021-09-05 00:54:32,76407261
2021-09-05 17:54:32,76427190
2021-09-06 10:54:32,76442908
2021-09-07 03:54:32,76463813
2021-09-07 20:54:32,76483094
2021-09-08 13:54:32,76504240
2021-09-09 06:54:32,76517870
2021-09-09 23:54:32,76530641
2021-09-10 16:54:32,76551550
2021-09-11 09:54:32,76564426
2021-09-12 02:54:32,76581522
2021-09-12 19:54:32,76596406
2021-09-13 12:54:32,76614030
2021-09-14 05:54:32,76630956
2021-09-14 22:54:32,76643664
2021-09-15 15:54:32,76661073
2021-09-16 08:54:32,76672213
2021-09-17 01:54:32,76690060
2021-09-17 18:54:32,76703465
2021-09-18 11:54:32,76720358
2021-09-19 04:54:32,76729521
2021-09-19 21:54:32,76741922
2021-09-20 14:54:32,76758412
2021-09-21 07:54:32,76769220
2021-09-22 00:54:32,76787139
2021-09-22 17:54:32,76800690
2021-09-23 10:54:32,76817191
2021-09-24 03:54:32,76835328
2021-09-24 20:54:32,76860790
2021-09-25 13:54:32,76898935
2021-09-26 06:54:32,76929577
2021-09-26 23:54:32,76965103
2021-09-27 16:54:32,76987636
2021-09-28 09:54:32,77017149
2021-09-29 02:54:32,77037936
2021-09-29 19:54:32,77068146
2021-09-30 12:54:32,77103506
2021-10-01 05:54:32,77121743
2021-10-01 22:54:32,77145807
2021-10-02 15:54:32,77155627
2021-10-03 08:54:32,77178065
2021-10-04 01:54:32,77191700
2021-10-04 18:54:32,77211165
2021-10-05 11:54:32,77237045
2021-10-06 04:54:32,77255586
2021-10-06 21:54:32,77281564
2021-10-07 14:54:32,77295871
2021-10-08 07:54:32,77318422
2021-10-09 00:54:32,77348912
2021-10-09 17:54:32,77370388
2021-10-10 10:54:32,77412240
2021-10-11 03:54:32,77434957
2021-10-11 20:54:32,77485493
2021-10-12 13:54:32,77509316
2021-10-13 06:54:32,77548490
2021-10-13 23:54:32,77581580
2021-10-14 16:54:32,77611471
2021-10-15 09:54:32,77643563
2021-10-16 02:54:32,77663058
2021-10-16 19:54:32,77694910
2021-10-17 12:54:32,77708558
2021-10-18 05:54:32,77732532
2021-10-18 22:54:32,77757885
2021-10-19 15:54:32,77775371
2021-10-20 08:54:32,77800775
2021-10-21 01:54:32,77819734
2021-10-21 18:54:32,77854371
2021-10-22 11:54:32,77869112
2021-10-23 04:54:32,77895195
2021-10-23 21:54:32,77916029
2021-10-24 14:54:32,77933741
2021-10-25 07:54:32,77958516
2021-10-26 00:54:32,77972573
2021-10-26 17:54:32,77995953
2021-10-27 10:54:32,78020010
2021-10-28 03:54:32,78100102
2021-10-28 20:54:32,78234753
2021-10-29 13:54:32,78273766
2021-10-30 06:54:32,78374250
2021-10-30 23:54:32,78453399
2021-10-31 15:54:32,78526717
2021-11-01 08:54:32,78578041
2021-11-02 01:54:32,78662032
2021-11-02 18:54:32,78726938
2021-11-03 11:54:32,78795138
2021-11-04 04:54:32,78830965
2021-11-04 21:54:32,78854363
2021-11-05 14:54:32,78877628
2021-11-06 07:54:32,78888137
2021-11-07 00:54:32,78913094
2021-11-07 17:54:32,78928475
2021-11-08 10:54:32,78944407
2021-11-09 03:54:32,78966322
2021-11-09 20:54:32,78983880
2021-11-10 13:54:32,79014265
2021-11-11 06:54:32,79025328
2021-11-11 23:54:32,79046954
2021-11-12 16:54:32,79059214
2021-11-13 09:54:32,79079217
2021-11-14 02:54:32,79094645
2021-11-14 19:54:32,79114794
2021-11-15 12:54:32,79130081
2021-11-16 05:54:32,79148374
2021-11-16 22:54:32,79164900
2021-11-17 15:54:32,79177067
2021-11-18 08:54:32,79196428
2021-11-19 01:54:32,79215377
2021-11-19 18:54:32,79240886
2021-11-20 11:54:32,79257843
2021-11-21 04:54:32,79279942
2021-11-21 21:54:32,79295219
2021-11-22 14:54:32,79312852
2021-11-23 07:54:32,79336048
2021-11-24 00:54:32,79351714
2021-11-24 17:54:32,79372482
2021-11-25 10:54:32,79381666
2021-11-26 03:54:32,79415671
2021-11-26 20:54:32,79437051
2021-11-27 13:54:32,79458343
2021-11-28 06:54:32,79484716
2021-11-28 23:54:32,79503733
2021-11-29 16:54:32,79539631
2021-11-30 09:54:32,79553127
2021-12-01 02:54:32,79576326
2021-12-01 19:54:32,79596597
2021-12-02 12:54:32,79607431
2021-12-03 05:54:32,79634577
2021-12-03 22:54:32,79648596
2021-12-04 15:54:32,79669405
2021-12-05 08:54:32,79682435
2021-12-06 01:54:32,79701558
2021-12-06 18:54:32,79718879
2021-12-07 11:54:32,79727941
2021-12-08 04:54:32,79747796
2021-12-08 21:54:32,79765217
2021-12-09 14:54:32,79782547
2021-12-10 07:54:32,79793993
2021-12-11 00:54:32,79805701
2021-12-11 17:54:32,79822447
2021-12-12 10:54:32,79835017
2021-12-13 03:54:32,79852997
2021-12-13 20:54:32,79875566
2021-12-14 13:54:32,79896511
2021-12-15 06:54:32,79918553
2021-12-15 23:54:32,79930972
2021-12-16 16:54:32,79948830
2021-12-17 09:54:32,79960311
2021-12-18 02:54:32,79975338
2021-12-18 19:54:32,79988946
2021-12-19 12:54:32,80003727
2021-12-20 05:54:32,80010913
2021-12-20 22:54:32,80025125
2021-12-21 15:54:32,80041033
2021-12-22 08:54:32,80053673
2021-12-23 01:54:32,80069846
2021-12-23 18:54:32,80080554
2021-12-24 11:54:32,80098385
2021-12-25 04:54:32,80106349
2021-12-25 21:54:32,80118989
2021-12-26 14:54:32,80133394
2021-12-27 07:54:32,80140542
2021-12-28 00:54:32,80160124
2021-12-28 17:54:32,80173311
2021-12-29 10:54:32,80189929
2021-12-30 03:54:32,80203568
2021-12-30 20:54:32,80216994
2021-12-31 13:54:32,80235416
2022-01-01 06:54:32,80241623
2022-01-01 23:54:32,80266884
2022-01-02 16:54:32,80284756
2022-01-03 09:54:32,80338459
2022-01-04 02:54:32,80448552
2022-01-04 19:54:32,80485588
2022-01-05 12:54:32,80520343
2022-01-06 05:54:32,80573391
2022-01-06 22:54:32,80596098
2022-01-07 15:54:32,80611520
2022-01-08 08:54:32,80626762
2022-01-09 01:54:32,80648644
2022-01-09 18:54:32,80669422
2022-01-10 11:54:32,80696016
2022-01-11 04:54:32,80710331
2022-01-11 21:54:32,80740168
2022-01-12 14:54:32,80758704
2022-01-13 07:54:32,80767509
2022-01-14 00:54:32,80786360
2022-01-14 17:54:32,80806886
2022-01-15 10:54:32,80817696
2022-01-16 03:54:32,80846317
2022-01-16 20:54:32,80862286
2022-01-17 13:54:32,80887860
2022-01-18 06:54:32,80903029
2022-01-18 23:54:32,80931149
2022-01-19 16:54:32,80950987
2022-01-20 09:54:32,80963104
2022-01-21 02:54:32,80992442
2022-01-21 19:54:32,81006522
2022-01-22 12:54:32,81031042
2022-01-23 05:54:32,81041336
2022-01-23 22:54:32,81062803
2022-01-24 15:54:32,81081621
2022-01-25 08:54:32,81096966
2022-01-26 01:54:32,81111679
2022-01-26 18:54:32,81127912
2022-01-27 11:54:32,81135969
2022-01-28 04:54:32,81154260
2022-01-28 21:54:32,81166606
2022-01-29 14:54:32,81177298
2022-01-30 07:54:32,81186455
2022-01-31 00:54:32,81199214
2022-01-31 17:54:32,81211670
2022-02-01 10:54:32,81218629
2022-02-02 03:54:32,81236156
2022-02-02 20:54:32,81246046
2022-02-03 13:54:32,81259122
2022-02-04 06:54:32,81268811
2022-02-04 23:54:32,81282825
2022-02-05 16:54:32,81294212
2022-02-06 09:54:32,81300023
2022-02-07 02:54:32,81313080
2022-02-07 19:54:32,81325780
2022-02-08 12:54:32,81338786
2022-02-09 05:54:32,81347950
2022-02-09 22:54:32,81363436
2022-02-10 15:54:32,81371914
2022-02-11 08:54:32,81380862
2022-02-12 01:54:32,81393274
2022-02-12 18:54:32,81403466
2022-02-13 11:54:32,81416074
2022-02-14 04:54:32,81423668
2022-02-14 21:54:32,81436314
2022-02-15 14:54:32,81443520
2022-02-16 07:54:32,81451861
2022-02-17 00:54:32,81465274
2022-02-17 17:54:32,81473667
2022-02-18 10:54:32,81487568
2022-02-19 03:54:32,81493887
2022-02-19 20:54:32,81507300
2022-02-20 13:54:32,81515713
2022-02-21 06:54:32,81521466
2022-02-21 23:54:32,81535947
2022-02-22 16:54:32,81544008
2022-02-23 09:54:32,81557938
2022-02-24 02:54:32,81564607
2022-02-24 19:54:32,81576479
2022-02-25 12:54:32,81584827
2022-02-26 05:54:32,81591762
2022-02-26 22:54:32,81604590
2022-02-27 15:54:32,81611106
2022-02-28 08:54:32,81621502
2022-03-01 01:54:32,81632031
2022-03-01 18:54:32,81646019
2022-03-02 11:54:32,81655414
2022-03-03 04:54:32,81662780
2022-03-03 21:54:32,81678822
2022-03-04 14:54:32,81686478
2022-03-05 07:54:32,81699999
2022-03-06 00:54:32,81707495
2022-03-06 17:54:32,81719605
2022-03-07 10:54:32,81728715
2022-03-08 03:54:32,81737852
2022-03-08 20:54:32,81751636
2022-03-09 13:54:32,81759123
2022-03-10 06:54:32,81774920
2022-03-10 23:54:32,81783367
2022-03-11 16:54:32,81795893
2022-03-12 09:54:32,81804318
2022-03-13 02:54:32,81812200
2022-03-13 19:54:32,81826071
2022-03-14 12:54:32,81832073
2022-03-15 05:54:32,81844164
2022-03-15 22:54:32,81855323
2022-03-16 15:54:32,81868373
2022-03-17 08:54:32,81877195
2022-03-18 01:54:32,81886626
2022-03-18 18:54:32,81898785
2022-03-19 11:54:32,81909024
2022-03-20 04:54:32,81920962
2022-03-20 21:54:32,81933300
2022-03-21 14:54:32,81950237
2022-03-22 07:54:32,81959806
2022-03-23 00:54:32,81978232
2022-03-23 17:54:32,82001168
2022-03-24 10:54:32,82011462
2022-03-25 03:54:32,82028555
2022-03-25 20:54:32,82041953
2022-03-26 13:54:32,82056912
2022-03-27 07:54:32,82066005
2022-03-28 00:54:32,82078470
2022-03-28 17:54:32,82087646
2022-03-29 10:54:32,82096767
2022-03-30 03:54:32,82109522
2022-03-30 20:54:32,82121641
2022-03-31 13:54:32,82134675
2022-04-01 06:54:32,82141255
2022-04-01 23:54:32,82155888
2022-04-02 16:54:32,82163558
2022-04-03 09:54:32,82171946
2022-04-04 02:54:32,82183834
2022-04-04 19:54:32,82192345
2022-04-05 12:54:32,82207237
2022-04-06 05:54:32,82213808
2022-04-06 22:54:32,82226657
2022-04-07 15:54:32,82236365
2022-04-08 08:54:32,82242516
2022-04-09 01:54:32,82256404
2022-04-09 18:54:32,82263817
2022-04-10 11:54:32,82274595
2022-04-11 04:54:32,82282969
2022-04-11 21:54:32,82296299
2022-04-12 14:54:32,82306451
2022-04-13 07:54:32,82312471
2022-04-14 00:54:32,82328880
2022-04-14 17:54:32,82337525
2022-04-15 10:54:32,82349323
2022-04-16 03:54:32,82358892
2022-04-16 20:54:32,82370773
2022-04-17 13:54:32,82378873
2022-04-18 06:54:32,82385099
2022-04-18 23:54:32,82398966
2022-04-19 16:54:32,82408866
2022-04-20 09:54:32,82421078
2022-04-21 02:54:32,82433384
2022-04-21 19:54:32,82442747
2022-04-22 12:54:32,82451654
2022-04-23 05:54:32,82463561
2022-04-23 22:54:32,82473408
2022-04-24 15:54:32,82484075
2022-04-25 08:54:32,82489623
2022-04-26 01:54:32,82504407
2022-04-26 18:54:32,82513318
2022-04-27 11:54:32,82522143
2022-04-28 04:54:32,82533856
2022-04-28 21:54:32,82543057
2022-04-29 14:54:32,82558590