Timestamp,output-volume;
01/05/2019,1162547.70704421;
02/05/2019,986563.569209106;
03/05/2019,1268003.89154857;
04/05/2019,886545.170964857;
05/05/2019,762735.020365181;
06/05/2019,1160172.84233279;
07/05/2019,1546326.3574282;
08/05/2019,1282820.63528939;
09/05/2019,1257978.33952754;
10/05/2019,1361392.47914309;
11/05/2019,1259759.12746392;
12/05/2019,952163.396669585;
13/05/2019,1678344.65777558;
14/05/2019,1652403.40849971;
15/05/2019,2168606.2635591;
16/05/2019,1438473.30300626;
17/05/2019,1366575.82679672;
18/05/2019,832814.319265813;
19/05/2019,892847.57289151;
20/05/2019,1221183.04796327;
21/05/2019,1069771.09769478;
22/05/2019,1172959.32912099;
23/05/2019,1221496.19922306;
24/05/2019,1371740.90384144;
25/05/2019,793250.920644138;
26/05/2019,850401.163688008;
27/05/2019,1212933.65383591;
28/05/2019,1324503.91397785;
29/05/2019,1426452.61513325;
30/05/2019,1224910.87307838;
31/05/2019,2049565.24236865;
01/06/2019,1199897.73547899;
02/06/2019,1214859.86382018;
03/06/2019,1694243.1572022 2;
04/06/2019,1741205.06778663;
05/06/2019,2003151.56993164;
06/06/2019,2001279.34230516;
07/06/2019,1454553.10102943;
08/06/2019,930930.686008706;
09/06/2019,908019.924559899;
10/06/2019,1458520.17483975;
11/06/2019,2170474.24094804;
12/06/2019,1311285.46207585;
13/06/2019,1228137.02502481;
14/06/2019,1267506.90252897;
15/06/2019,1021072.38987488;
16/06/2019,1355369.53957;
17/06/2019,2711334.49636944;
18/06/2019,2869899.1944481;
19/06/2019,1673182.62682249;
20/06/2019,3394897.6964203;
21/06/2019,1710806.61832957;
22/06/2019,1952259.8368793;
23/06/2019,1002826.7545288;
24/06/2019,1671222.71262808;
25/06/2019,1956241.05807187;
26/06/2019,1866107.77717559;
27/06/2019,1672496.03081643;
28/06/2019,1467631.80564147;
29/06/2019,1379953.57871056;
30/06/2019,1910735.65832321;
01/07/2019,2100556.44406549;
02/07/2019,1470210.48875256;
03/07/2019,1704146.08969035;
04/07/2019,1253929.11629174;
05/07/2019,1564044.98834674;
06/07/2019,705436.446358569;
07/07/2019,718231.205005668;
08/07/2019,2662688.53939029;
09/07/2019,2441777.72698058;
10/07/2019,2302653.81810532;
11/07/2019,2959621.67787676;
12/07/2019,2440280.90560054;
13/07/2019,1572856.63308995;
14/07/2019,1561873.32498153;
15/07/2019,1832527.79176075;
16/07/2019,2459457.74416151;
17/07/2019,1898310.89689274;
18/07/2019,5009356.48131619;
19/07/2019,1313246.94953146;
20/07/2019,892282.930521397;
21/07/2019,1068960.52688826;
22/07/2019,6033168.90500625;
23/07/2019,1208702.39832617;
24/07/2019,1513193.06641193;
25/07/2019,1981281.12609714;
26/07/2019,982757.788617507;
27/07/2019,608913.312598471;
28/07/2019,482695.976665411;
29/07/2019,2627308.14376026;
30/07/2019,2106033.01759415;
31/07/2019,1569708.76631774;
01/08/2019,1006874.12106064;
02/08/2019,783422.60787184;
03/08/2019,555691.180515733;
04/08/2019,571638.807167129;
05/08/2019,2038663.73067686;
06/08/2019,1686026.84972458;
07/08/2019,858648.386490158;
08/08/2019,1444024.17734944;
09/08/2019,1348526.32784251;
10/08/2019,1746348.68292759;
11/08/2019,582409.813571025;
12/08/2019,1110987.90699422;
13/08/2019,1282748.35232522;
14/08/2019,1430779.56397946;
15/08/2019,1502214.00590109;
16/08/2019,989258.217325773;
17/08/2019,1604447.78027742;
18/08/2019,966183.225539812;
19/08/2019,873194.862495244;
20/08/2019,9748625.29732424;
21/08/2019,24528670.3510687;
22/08/2019,1172021 6.2962693;
23/08/2019,680553.064223374;
24/08/2019,453802.651056304;
25/08/2019,589590.440689066;
26/08/2019,1038265.50885259;
27/08/2019,898858.708773689;
28/08/2019,889797.000073285;
29/08/2019,891511.675643195;
30/08/2019,839355.405968025;
31/08/2019,781640.701304001;
01/09/2019,863687.045905098;
02/09/2019,929037.873505404;
03/09/2019,1040522.72962904;
04/09/2019,1208245.68544858;
05/09/2019,1242635.39094575;
06/09/2019,1178701.69383365;
07/09/2019,629500.820114256;
08/09/2019,702260.154571735;
09/09/2019,877297.908776981;
10/09/2019,1221919.55162416;
11/09/2019,1123456.37957047;
12/09/2019,828541.849706542;
13/09/2019,701970.120843471;
14/09/2019,614511.773528669;
15/09/2019,498570.419934237;
16/09/2019,993133.833231407;
17/09/2019,1147350.8940079;
18/09/2019,865403.082340075;
19/09/2019,758179.66775461;
20/09/2019,874080.293790683;
21/09/2019,726562.641094705;
22/09/2019,1711385.00341165;
23/09/2019,1486499.71902562;
24/09/2019,1306425.75673371;
25/09/2019,1647160.69227417;
26/09/2019,1130065.40346932;
27/09/2019,922424.486572073;
28/09/2019,673386.538360677;
29/09/2019,606613.635693071;
30/09/2019,1107464.74721235;
01/10/2019,1158740.01134524;
02/10/2019,845513.50947988;
03/10/2019,807516.389749268;
04/10/2019,720385.077586688;
05/10/2019,499826.823379352;
06/10/2019,535585.68315319;
07/10/2019,698133.060497983;
08/10/2019,853284.326411053;
09/10/2019,890109.379233644;
10/10/2019,809342.551334509;
11/10/2019,748859.345230277;
12/10/2019,477082.626716422;
13/10/2019,421940.207082645;
14/10/2019,821209.414448708;
15/10/2019,746628.717238315;
16/10/2019,1044662.74960641;
17/10/2019,1021589.2507013;
18/10/2019,1021618.23399633;
19/10/2019,847151.669674816;
20/10/2019,749654.197106282;
21/10/2019,898823.600888372;
22/10/2019,1141325.22151377;
23/10/2019,1334525.53652092;
24/10/2019,1000767.06494216;
25/10/2019,1348960.43815855;
26/10/2019,1004810.11591243;
27/10/2019,684000.549624474;
28/10/2019,1501770.91055353;
29/10/2019,2023871.40963542;
30/10/2019,1415879.11847805;
31/10/2019,1253351.67495788;
01/11/2019,845904.131541826;
02/11/2019,827166.372659752;
03/11/2019,949576.10641267;
04/11/2019,1161345.32878865;
05/11/2019,1409366.37888414;
06/11/2019,1374073.7597232;
07/11/2019,1333670.62974223;
08/11/2019,1048033.15307825;
09/11/2019,685311.161110266;
10/11/2019,797236.585528915;
11/11/2019,1019903.11744936;
12/11/2019,1331117.80907882;
13/11/2019,1216940.16732074;
14/11/2019,1280489.90300323;
15/11/2019,695082.440087727;
16/11/2019,632131.464984699;
17/11/2019,1330677.31241682;
18/11/2019,956827.203341185;
19/11/2019,800559.908126409;
20/11/2019,1616533.40835477;
21/11/2019,1573304.8749851;
22/11/2019,1010840.18924162;
23/11/2019,824423.434529546;
24/11/2019,1316525.8036636;
25/11/2019,1172810.16045225;
26/11/2019,1014562.11767074;
27/11/2019,764888.006758807;
28/11/2019,991528.113663892;
29/11/2019,750855.209857113;
30/11/2019,680284.709231954;
01/12/2019,865728.87978467;
02/12/2019,854602.911802966;
03/12/2019,2329577.92166183;
04/12/2019,898001.057487505;
05/12/2019,2288980.71377945;
06/12/2019,957054.855731875;
07/12/2019,731180.603252509;
08/12/2019,1190356.7997295;
09/12/2019,1148974.68743132;
10/12/2019,1207960.67269245;
11/12/2019,835730.081436612;
12/12/2019,720319.254325102;
13/12/2019,730482.960950935;
14/12/2019,650460.969850616;
15/12/2019,767656.100771835;
16/12/2019,1777401.2009867;
17/12/2019,1164742.9247833;
18/12/2019,1004379.59851356;
19/12/2019,1006115.21484346;
20/12/2019,677306.859111167;
21/12/2019,759089.242038868;
22/12/2019,949499.209792517;
23/12/2019,730761.017291865;
24/12/2019,596758.284247587;
25/12/2019,701726.353554965;
26/12/2019,868237.597389785;
27/12/2019,685635.28338299;
28/12/2019,562316.944862384;
29/12/2019,988699.407643123;
30/12/2019,724804.399888533;
31/12/2019,445595.375982222;
01/01/2020,695423.336835158;
02/01/2020,1018828.76058016;
03/01/2020,659620.034119296;
04/01/2020,565296.54187035;
05/01/2020,1097641.31609541;
06/01/2020,786850.605013729;
07/01/2020,901196.844609986;
08/01/2020,1209651.56106412;
09/01/2020,906991.318369058;
10/01/2020,595929.426650587;
11/01/2020,501745.460117209;
12/01/2020,689551.99199671;
13/01/2020,1249904.18551204;
14/01/2020,1601482.10270927;
15/01/2020,888152.900963791;
16/01/2020,1116671.92697818;
17/01/2020,505653.627783496;
18/01/2020,632112.687328294;
19/01/2020,979328.501556811;
20/01/2020,668118.808808229;
21/01/2020,897468.418794652;
22/01/2020,867468.190280036;
23/01/2020,692891.838389828;
24/01/2020,488493.748697748;
25/01/2020,577633.448201026;
26/01/2020,1509052.89676099;
27/01/2020,1050430.15512774;
28/01/2020,893706.050621505;
29/01/2020,1455372.46303862;
30/01/2020,1204276.68489226;
31/01/2020,818309.332065908;
01/02/2020,691971.371596464;
02/02/2020,1599642.01407951;
03/02/2020,897290.328187505;
04/02/2020,848648.943636921;
05/02/2020,1569522.48661781;
06/02/2020,1661226.21474543;
07/02/2020,784928.205700718;
08/02/2020,572106.142999936;
09/02/2020,1046338.47816011;
10/02/2020,1020598.51056751;
11/02/2020,1100253.78927996;
12/02/2020,1069433.55939573;
13/02/2020,1047777.68508166;
14/02/2020,869551.125746531;
15/02/2020,963366.419050043;
16/02/2020,1301221.59710378;
17/02/2020,1050298.61370031;
18/02/2020,1373439.68542433;
19/02/2020,1043971.92662019;
20/02/2020,826541.731464725;
21/02/2020,578355.56686758;
22/02/2020,668882.618561738;
23/02/2020,814213.527314197;
24/02/2020,874557.447876811;
25/02/2020,880402.429954982;
26/02/2020,987245.127976323;
27/02/2020,1015364.88347214;
28/02/2020,639925.705792698;
29/02/2020,566480.944950103;
01/03/2020,823835.408430342;
02/03/2020,791229.948857447;
03/03/2020,1019256.03112567;
04/03/2020,856202.222162386;
05/03/2020,949234.972177108;
06/03/2020,612862.119885382;
07/03/2020,617403.518783728;
08/03/2020,1226807.32045707;
09/03/2020,1075469.91787441;
10/03/2020,1694561.83924602;
11/03/2020,2351186.61606329;
12/03/2020,2348968.80498848;
13/03/2020,1140936.01430291;
14/03/2020,862960.829447834;
15/03/2020,1604680.52504557;
16/03/2020,1497870.78884423;
17/03/2020,1147969.2955905;
18/03/2020,1320132.5208535;
19/03/2020,1347986.39138053;
20/03/2020,704149.868179415;
21/03/2020,806322.364772903;
22/03/2020,1044812.06251601;
23/03/2020,1396119.81296503;
24/03/2020,894424.637051183;
25/03/2020,876721.776435827;
26/03/2020,1048145.48685929;
27/03/2020,705244.927677058;
28/03/2020,646945.916891303;
30/03/2020,1013898.91882692;
31/03/2020,1050378.51701018;
01/04/2020,1017608.6024598;
02/04/2020,1011879.94230324;
03/04/2020,976482.735766035;
04/04/2020,857653.815204773;
05/04/2020,553256.754269757;
06/04/2020,1089614.49405744;
07/04/2020,1176112.64626103;
08/04/2020,760551.781891682;
09/04/2020,1103388.49801343;
10/04/2020,1089003.49972664;
11/04/2020,608915.365841462;
12/04/2020,494233.050258298;
13/04/2020,985586.612082916;
14/04/2020,773028.957715486;
15/04/2020,877779.734540594;
16/04/2020,1109195.64760975;
17/04/2020,945920.019087213;
18/04/2020,613279.302850086;
19/04/2020,547594.508733469;
20/04/2020,839780.608285255;
21/04/2020,810070.433540893;
22/04/2020,866718.352478309;
23/04/2020,924532.437602299;
24/04/2020,1265403.31533266;
25/04/2020,612813.214824569;
26/04/2020,523828.657864635;
27/04/2020,1035215.22430837;
28/04/2020,881270.46901014;
29/04/2020,1797174.1981907;
30/04/2020,2022344.59395085;
01/05/2020,1076318.37468517;
02/05/2020,551345.643588245;
03/05/2020,729928.366536047;
04/05/2020,914148.179451729;
05/05/2020,1091229.69871237;
06/05/2020,1019264.00328187;
07/05/2020,1319480.59718214;
08/05/2020,1326677.95960725;
09/05/2020,1171689.06029833;
10/05/2020,805120.27036456;
11/05/2020,1165274.92614542;
12/05/2020,1205576.90515208;
13/05/2020,1111537.86226089;
14/05/2020,1138602.39322196;
15/05/2020,1004693.83507288;
16/05/2020,588481.035675438;
17/05/2020,587798.415081619;
18/05/2020,1062998.79589118;
19/05/2020,1176856.58096745;
20/05/2020,1085395.61863261;
21/05/2020,981107.891056958;
22/05/2020,987088.019611931;
23/05/2020,556030.768258092;
24/05/2020,595935.213819698;
25/05/2020,1099658.34870169;
26/05/2020,952761.581576603;
27/05/2020,1106668.09300837;
28/05/2020,839340.520864076;
29/05/2020,1047675.48051426;
30/05/2020,587440.145320611;
31/05/2020,752990.409021887;
01/06/2020,1253496.17612293;
02/06/2020,1566267.80336628;
03/06/2020,1129212.65239848;
04/06/2020,1152648.34209259;
05/06/2020,1061346.60727637;
06/06/2020,499113.05981015;
07/06/2020,452165.291612093;
08/06/2020,983934.73421203;
09/06/2020,879184.175881874;
10/06/2020,1195978.12128421;
11/06/2020,1001631.28565624;
12/06/2020,830253.863744253;
13/06/2020,582211.681689125;
14/06/2020,479773.867716293;
15/06/2020,1010530.12387002;
16/06/2020,1354151.1693022;
17/06/2020,935895.462594491;
18/06/2020,787459.576308072;
19/06/2020,1446849.25137761;
20/06/2020,544762.336902044;
21/06/2020,475839.887667669;
22/06/2020,962617.166341449;
23/06/2020,1353314.1414485;
24/06/2020,1311910.1917584;
25/06/2020,1187885.16995811;
26/06/2020,1223831.11613146;
27/06/2020,578597.558721226;
28/06/2020,683500.705868015;
29/06/2020,1013567.96454737;
30/06/2020,1097730.27154464;
01/07/2020,1085316.16279451;
02/07/2020,1031021.5341106;
03/07/2020,971719.254995018;
04/07/2020,676450.563713943;
05/07/2020,600272.961085762;
06/07/2020,1159525.34007784;
07/07/2020,992282.946751971;
08/07/2020,1088708.77697653;
09/07/2020,976219.418168258;
10/07/2020,969619.359678852;
11/07/2020,613984.724456739;
12/07/2020,678513.983457948;
13/07/2020,1223910.64205352;
14/07/2020,910587.514779727;
15/07/2020,833760.32020 1608;
16/07/2020,984626.116643764;
17/07/2020,848790.136178614;
18/07/2020,660373.467356979;
19/07/2020,651373.590622766;
20/07/2020,909433.194233738;
21/07/2020,890489.549614565;
22/07/2020,954797.572798298;
23/07/2020,1016262.18315993;
24/07/2020,1035386.49292255;
25/07/2020,791995.338359226;
26/07/2020,730216.75686728;
27/07/2020,1239333.7545504;
28/07/2020,1269990.75861043;
29/07/2020,1131995.4293344;
30/07/2020,1045611.30384732;
31/07/2020,1014392.20306478;
01/08/2020,864866.804415056;
02/08/2020,793876.043691907;
03/08/2020,1131415.83019561;
04/08/2020,993343.061244682;
05/08/2020,993543.746320266;
06/08/2020,1194659.24607117;
07/08/2020,1022839.81732761;
08/08/2020,805601.805601121;
09/08/2020,698476.612509977;
10/08/2020,1024528.55495357;
11/08/2020,1042770.73857038;
12/08/2020,976274.057328136;
13/08/2020,907786.726174472;
14/08/2020,1440043.27138648;
15/08/2020,1432177.73151402;
16/08/2020,1819310.32164451;
17/08/2020,2938608.11177309;
18/08/2020,2076963.08785902;
19/08/2020,1887293.86475869;
20/08/2020,1846156.89173236;
21/08/2020,1495713.75280943;
22/08/2020,1358275.33979503;
23/08/2020,1371402.62063225;
24/08/2020,1864226.37054568;
25/08/2020,1616790.38400576;
26/08/2020,1947966.62296823;
27/08/2020,2013412.44461547;
28/08/2020,2165612.96771946;
29/08/2020,1751538.26084279;
30/08/2020,1753307.7044367;
31/08/2020,2697925.47431122;
01/09/2020,2653444.8390494;
02/09/2020,2306329.28701445;
03/09/2020,2741473.92877884;
04/09/2020,2654809.09837285;
05/09/2020,2428545.24733002;
06/09/2020,2294692.65207522;
07/09/2020,2985927.90043194;
08/09/2020,2703153.93985139;
09/09/2020,3188715.62976655;
10/09/2020,3493320.23694438;
11/09/2020,3130284.86298285;
12/09/2020,2593736.73279476;
13/09/2020,2620089.0871622;
14/09/2020,2762366.30350742;
15/09/2020,2860061.91558;
16/09/2020,3050638.97331212;
17/09/2020,4143516.66667704;
18/09/2020,3787104.81625391;
19/09/2020,2860939.87443681;
20/09/2020,2360008.56928717;
21/09/2020,3456045.38428924;
22/09/2020,2782025.07079532;
23/09/2020,2652893.32133297;
24/09/2020,2409206.57003335;
25/09/2020,2838226.51285106;
26/09/2020,2385729.18632694;
27/09/2020,2072273.32734576;
28/09/2020,2293688.52488764;
29/09/2020,2586561.94297157;
30/09/2020,2388252.74332289;
01/10/2020,1977666.50737644;
02/10/2020,2708626.79829764;
03/10/2020,2174249.74651709;
04/10/2020,1876623.60378062;
05/10/2020,2042046.81022511;
06/10/2020,2176302.67316531;
07/10/2020,2110681.87583666;
08/10/2020,2022716.02155628;
09/10/2020,2758949.9255976;
10/10/2020,1865861.9233934;
11/10/2020,2133739.15102191;
12/10/2020,2172342.70098622;
13/10/2020,2284628.16012756;
14/10/2020,2398755.58680234;
15/10/2020,2630666.21368249;
16/10/2020,2358982.79373228;
17/10/2020,2423280.90877801;
18/10/2020,2127428.32531514;
19/10/2020,3411624.78212906;
20/10/2020,4199302.32843022;
21/10/2020,3812554.2034121;
22/10/2020,4039132.91811656;
23/10/2020,2741260.45589243;
24/10/2020,1860296.14123998;
25/10/2020,1638908.01221233;
26/10/2020,2503686.57898381;
27/10/2020,2662066.38119073;
28/10/2020,2437235.12789907;
29/10/2020,2350724.46566804;
30/10/2020,1692437.54770491;
31/10/2020,2135583.52314719;
01/11/2020,2566363.66879351;
02/11/2020,3210188.03817944;
03/11/2020,2044401.52796359;
04/11/2020,3125865.37128535;
05/11/2020,3089433.85601955;
06/11/2020,1612472.81962935;
07/11/2020,1499231.53289015;
08/11/2020,2143909.22363187;
09/11/2020,2160265.60229378;
10/11/2020,2063545.6685167;
11/11/2020,1961289.44822583;
12/11/2020,1578705.472086;
13/11/2020,1902618.94230378;
14/11/2020,1598945.68491315;
15/11/2020,3618303.61786064;
16/11/2020,3030811.51945976;
17/11/2020,2930159.47122932;
18/11/2020,2378459.75128672;
19/11/2020,2460005.91336176;
20/11/2020,1907160.50084211;
21/11/2020,1908302.55988071;
22/11/2020,2246648.02850927;
23/11/2020,2346578.30857813;
24/11/2020,2212824.74586326;
25/11/2020,2284232.03929534;
26/11/2020,1857757.43659584;
27/11/2020,1297738.59879115;
28/11/2020,1275997.45803272;
29/11/2020,2254249.7237631;
30/11/2020,2099814.42873625;
01/12/2020,1676105.30722301;
02/12/2020,1522633.81973265;
03/12/2020,1904552.52806195;
04/12/2020,1525130.2269317;
05/12/2020,1332342.13740927;
06/12/2020,1554178.90479233;
07/12/2020,1619020.9618214;
08/12/2020,1967186.96005317;
09/12/2020,1965927.79908413;
10/12/2020,1421781.01792182;
11/12/2020,1419960.29020335;
12/12/2020,1658116.0865384;
13/12/2020,2076030.48156883;
14/12/2020,2160315.2395772;
15/12/2020,2709597.59890312;
16/12/2020,2503111.8315624;
17/12/2020,2435931.47522933;
18/12/2020,1665126.04936993;
19/12/2020,1323039.91951824;
20/12/2020,1743577.76419699;
21/12/2020,2040795.08399801;
22/12/2020,2006004.45648193;
23/12/2020,2115162.45911265;
24/12/2020,2043474.79027271;
25/12/2020,2013537.27212173;
26/12/2020,2514614.69764884;
27/12/2020,1980852.00746059;
28/12/2020,1845946.88181157;
29/12/2020,1743500.84672405;
30/12/2020,1945437.01195329;
31/12/2020,1603396.21371169;
01/01/2021,2164453.2957427;
02/01/2021,2211805.28237547;
03/01/2021,1922521.52090157;
04/01/2021,2209914.2060158;
05/01/2021,2131442.73954928;
06/01/2021,2751162.19806138;
07/01/2021,2518905.29697044;
08/01/2021,1924128.5592848;
09/01/2021,1802561.28437786;
10/01/2021,2438667.93651277;
11/01/2021,2210729.26328285;
12/01/2021,1781868.54244899;
13/01/2021,1934960.55750385;
14/01/2021,1735779.46627042;
15/01/2021,1699036.93435696;
16/01/2021,1426059.46408808;
17/01/2021,1788904.57642521;
18/01/2021,2111753.33316964;
19/01/2021,2021208.1631863;
20/01/2021,2210014.30151966;
21/01/2021,2107825.23696511;
22/01/2021,1529579.51397598;
23/01/2021,1515699.35078707;
24/01/2021,2313552.77216143;
25/01/2021,1703884.0413185;
26/01/2021,1995359.16731623;
27/01/2021,2181658.23860885;
28/01/2021,2493283.10059515;
29/01/2021,1957192.88669112;
30/01/2021,1991251.57563081;
31/01/2021,1926362.67973635;
01/02/2021,1924952.59522727;
02/02/2021,2065145.65732256;
03/02/2021,2181219.34621026;
04/02/2021,1959874.22075536;
05/02/2021,2156848.97735203;
06/02/2021,2048377.49210705;
07/02/2021,2263658.88453612;
08/02/2021,3400460.24457001;
09/02/2021,2162722.149084;
10/02/2021,2381722.55818239;
11/02/2021,2143548.81125557;
12/02/2021,1524496.40888092;
13/02/2021,1989965.47388606;
14/02/2021,2271037.82285881;
15/02/2021,2515309.88902975;
16/02/2021,2077696.2962022 34;
17/02/2021,2202921.04931457;
18/02/2021,2365992.80474588;
19/02/2021,2195460.02059808;
20/02/2021,1784572.20040498;
21/02/2021,1991241.40592634;
22/02/2021,2173494.94477556;
23/02/2021,2121419.75262337;
24/02/2021,2313430.17270825;
25/02/2021,2069107.68274877;
26/02/2021,1677568.53466005;
27/02/2021,1732528.44468258;
28/02/2021,1784275.04266434;
01/03/2021,1888598.3906587;
02/03/2021,1875555.60548977;
03/03/2021,1518628.37085402;
04/03/2021,1779724.7621046;
05/03/2021,1532927.69247764;
06/03/2021,2131170.94444074;
07/03/2021,1960164.69052539;
08/03/2021,1950759.74658228;
09/03/2021,1707223.44660622;
10/03/2021,1686284.5256209;
11/03/2021,1403994.23440791;
12/03/2021,1198768.62628429;
13/03/2021,1310705.00161222;
14/03/2021,1304712.96317162;
15/03/2021,1462311.37118773;
16/03/2021,1459949.36491054;
17/03/2021,1305655.23732748;
18/03/2021,1229178.36022501;
19/03/2021,1141108.22154303;
20/03/2021,1111269.24740971;
21/03/2021,1303028.39477677;
22/03/2021,1820037.75268451;
23/03/2021,1642262.4595887;
24/03/2021,1714693.32053722;
25/03/2021,1455942.77046627;
26/03/2021,1234256.27368626;
27/03/2021,921871.480620303;
29/03/2021,1608390.23598485;
30/03/2021,1498394.395054;
31/03/2021,1363836.52389601;
01/04/2021,1367155.3631431;
02/04/2021,1385175.13916943;
03/04/2021,1343101.89920891;
04/04/2021,1158422.77215085;
05/04/2021,1752316.98997152;
06/04/2021,2112936.20007933;
07/04/2021,1701486.90728589;
08/04/2021,1502138.75955335;
09/04/2021,1595604.27999445;
10/04/2021,1540955.8423908;
11/04/2021,1369947.83375633;
12/04/2021,1677284.99944059;
13/04/2021,1910823.29885851;
14/04/2021,1825474.59142734;
15/04/2021,1847187.57714583;
16/04/2021,1838170.57844408;
17/04/2021,1141728.09134032;
18/04/2021,1655752.75390291;
19/04/2021,1279783.38241715;
20/04/2021,1869473.94355634;
21/04/2021,1930649.38900101;
22/04/2021,2189518.07581751;
23/04/2021,2184878.17228987;
24/04/2021,1601340.37178446;
25/04/2021,1637219.90768236;
26/04/2021,2153568.75698785;
27/04/2021,2288671.00217661;
28/04/2021,2005694.12390541;
29/04/2021,2113534.73221994;
30/04/2021,2291090.28817867;
01/05/2021,1609084.89213354;
02/05/2021,1492195.71283671;
03/05/2021,2160532.97844695;
04/05/2021,2281525.14876549;
05/05/2021,1829464.98494907;
06/05/2021,1809184.20158905;
07/05/2021,1940607.49227639;
08/05/2021,1377275.22369792;
09/05/2021,1087017.0434825;
10/05/2021,1414063.21614802;
11/05/2021,1205320.61329465;
12/05/2021,1558112.24882452;
13/05/2021,2502521.91771965;
14/05/2021,2291844.66837065;
15/05/2021,1922161.14736905;
16/05/2021,1827949.96286724;
17/05/2021,2587553.50158795;
18/05/2021,1868815.4293386;
19/05/2021,3028422.48648207;
20/05/2021,2852078.71037173;
21/05/2021,2195789.55833004;
22/05/2021,2363175.72055731;
23/05/2021,2230242.99997165;
24/05/2021,2610428.81674686;
25/05/2021,2289844.61589972;
26/05/2021,2222384.34359886;
27/05/2021,1982668.87024671;
28/05/2021,2897052.40775948;
29/05/2021,2039125.5009289;
30/05/2021,1082550.30209887;
31/05/2021,1126569.51063795;
01/06/2021,1490940.36790236;
02/06/2021,1153281.58698812;
03/06/2021,1223004.13119985;
04/06/2021,1028877.2534888;
05/06/2021,765291.565428272;
06/06/2021,1783108.82241502;
07/06/2021,2157358.54278218;
08/06/2021,2527319.46075506;
09/06/2021,1325571.05292444;
10/06/2021,1412035.34807442;
11/06/2021,1463831.00104068;
12/06/2021,1009990.69843937;
13/06/2021,1183321.51243753;
14/06/2021,1487002.27888814;
15/06/2021,1403796.12825071;
16/06/2021,1608456.69153262;
17/06/2021,1568658.04091444;
18/06/2021,1556124.04734704;
19/06/2021,1079547.08358671;
20/06/2021,1277754.79587101;
21/06/2021,1748728.09934058;
22/06/2021,1936916.65816713;
23/06/2021,1822712.06438509;
24/06/2021,1857830.35332623;
25/06/2021,2377849.55667167;
26/06/2021,1775215.19229792;
27/06/2021,1374020.95712618;
28/06/2021,1568948.17375777;
29/06/2021,1376609.20132698;
30/06/2021,1238334.35607615;
01/07/2021,1644452.31647457;
02/07/2021,1732809.49639381;
03/07/2021,1296389.16148781;
04/07/2021,1587004.70761521;
05/07/2021,1440760.85789436;
06/07/2021,1332945.62983978;
07/07/2021,1325686.49336794;
08/07/2021,3251402.80908538;
09/07/2021,3425602.05304409;
10/07/2021,1855040.58952896;
11/07/2021,1858544.09979273;
12/07/2021,1676904.16361545;
13/07/2021,1515231.34067512;
14/07/2021,1504272.59136768;
15/07/2021,1849483.77707427;
16/07/2021,1829236.32098063;
17/07/2021,1858454.21911175;
18/07/2021,1172816.41853566;
19/07/2021,1798945.07902032;
20/07/2021,1820526.01967847;
21/07/2021,1875543.76703071;
22/07/2021,1808323.32064629;
23/07/2021,1752077.67977361;
24/07/2021,1502292.77986505;
25/07/2021,1464218.16519553;
26/07/2021,2298723.54345745;
27/07/2021,7397981.68451784;
28/07/2021,4070288.15811901;
29/07/2021,2612465.11414555;
30/07/2021,1811007.70415419;
31/07/2021,2044926.84177131;
01/08/2021,3288590.1833623;
02/08/2021,2706714.75318516;
03/08/2021,2488175.1324688;
04/08/2021,2373221.55312276;
05/08/2021,1837056.06343282;
06/08/2021,2004227.14697502;
07/08/2021,1888212.31473665;
08/08/2021,1756552.94273168;
09/08/2021,1920458.25447793;
10/08/2021,1837738.15730761;
11/08/2021,2256473.32539169;
12/08/2021,1892160.60014727;
13/08/2021,1662561.35852789;
14/08/2021,1747047.11995235;
15/08/2021,1773893.02521113;
16/08/2021,2342566.49191366;
17/08/2021,2411529.07843465;
18/08/2021,2730229.53672933;
19/08/2021,2580776.05276066;
20/08/2021,2300800.76304596;
21/08/2021,2424895.85851585;
22/08/2021,1809055.88315059;
23/08/2021,3171076.84691278;
24/08/2021,8152009.30387915;
25/08/2021,4217114.32062769;
26/08/2021,4701248.28181272;
27/08/2021,3920236.86487963;
28/08/2021,3498033.5672179;
29/08/2021,3649542.15027809;
30/08/2021,4016524.50573918;
31/08/2021,3858631.49789058;
01/09/2021,4131376.21102284;
02/09/2021,4193550.72717056;
03/09/2021,3019348.47634818;
04/09/2021,2784449.20827097;
05/09/2021,2173011.2349828;
06/09/2021,3562101.27496469;
07/09/2021,3817589.21527609;
08/09/2021,3319896.3772586;
09/09/2021,3844313.12744562;
10/09/2021,9990174.84053035;
11/09/2021,5579844.25260971;
12/09/2021,4486070.98312228;
13/09/2021,10039426.2941965;
14/09/2021,11250928.2251006;
15/09/2021,3971923.07099376;
16/09/2021,4342009.63819425;
17/09/2021,3488122.31328823;
18/09/2021,3012660.25164172;
19/09/2021,2509473.33731974;
20/09/2021,5600407.11970915;
21/09/2021,11240709.1320233;
22/09/2021,5028553.56794;
23/09/2021,4366740.34415485;
24/09/2021,4244794.60650774;
25/09/2021,5211573.50041388;
26/09/2021,3017206.03553658;
27/09/2021,4261128.52878437;
28/09/2021,3550791.36718073;
29/09/2021,3983314.45979604;
30/09/2021,4383571.24468921;
01/10/2021,4456216.00444477;
02/10/2021,3210288.23264433;
03/10/2021,3573483.96354381;
04/10/2021,3717018.76969159;
05/10/2021,4900821.26346561;
06/10/2021,4931625.68601013;
07/10/2021,4510651.36456084;
08/10/2021,4004225.07801505;
09/10/2021,3196245.45400673;
10/10/2021,2806333.51251399;
11/10/2021,4364851.19611696;
12/10/2021,3511729.90063548;
13/10/2021,3256483.42741312;
14/10/2021,2741066.67393145;
15/10/2021,3849193.64901156;
16/10/2021,2939943.7528603;
17/10/2021,3239838.23564407;
18/10/2021,4029344.3315212;
19/10/2021,11127801.5263591;
20/10/2021,4907655.06823791;
21/10/2021,4360430.10432267;
22/10/2021,3525994.66470755;
23/10/2021,2686502.79078814;
24/10/2021,2775219.88258322;
25/10/2021,3249563.47410226;
26/10/2021,3513661.82339813;
27/10/2021,2920437.25821477;
28/10/2021,2958362.91564187;
29/10/2021,3101401.41364825;
30/10/2021,3186564.28737283;
31/10/2021,2655904.41168323;
01/11/2021,3526612.35236036;
02/11/2021,3402811.47020264;
03/11/2021,4212181.03466117;
04/11/2021,4333288.32481027;
05/11/2021,4347687.67406264;
06/11/2021,3457653.30780965;
07/11/2021,5855254.94494283;
08/11/2021,4939065.72549643;
09/11/2021,4611901.96024548;
10/11/2021,3871710.23481828;
11/11/2021,4033451.79622195;
12/11/2021,3317164.60250427;
13/11/2021,3032269.45773888;
14/11/2021,4363614.67332523;
15/11/2021,12111675.8605129;
16/11/2021,6180491.27113014;
17/11/2021,5502222.26961623;
18/11/2021,4604956.96930351;
19/11/2021,3506542.03296004;
20/11/2021,3585506.22460952;
21/11/2021,4334430.96436919;
22/11/2021,4381844.45336183;
23/11/2021,4894575.94761881;
24/11/2021,5264444.83535074;
25/11/2021,5023391.63765953;
26/11/2021,2901741.32810071;
27/11/2021,3215364.79070716;
28/11/2021,4154352.04529813;
29/11/2021,4261988.63058751;
30/11/2021,3771439.85029266;
01/12/2021,3819393.05950373;
02/12/2021,3502460.63297194;
03/12/2021,4372553.60605583;
04/12/2021,2915405.16069845;
05/12/2021,5448763.98623219;
06/12/2021,5227643.78122664;
07/12/2021,4330229.18712182;
08/12/2021,3129236.98486043;
09/12/2021,3010302.52404078;
10/12/2021,2570373.64214227;
11/12/2021,2255123.24963145;
12/12/2021,3044860.11974444;
13/12/2021,8862769.66268555;
14/12/2021,3942779.4126393;
15/12/2021,3458450.29734092;
16/12/2021,3038603.21794454;
17/12/2021,2798827.30706633;
18/12/2021,2379754.54138304;
19/12/2021,2965053.17934814;
20/12/2021,2709775.52757867;
21/12/2021,3186379.10027823;
22/12/2021,3214607.73706577;
23/12/2021,2859457.51303229;
24/12/2021,2411011.6732371;
25/12/2021,2463062.50094689;
26/12/2021,3132093.95703369;
27/12/2021,3275690.73136716;
28/12/2021,3496397.09899847;
29/12/2021,3153503.50490961;
30/12/2021,3186813.09009528;
31/12/2021,2315881.35954606;
01/01/2022,2244948.02850195;
02/01/2022,3397829.40242869;
03/01/2022,3191635.02052059;
04/01/2022,4080367.42514894;
05/01/2022,3800536.57858302;
06/01/2022,3618186.81512856;
07/01/2022,2819429.3603886;
08/01/2022,2651962.57917248;
09/01/2022,3425558.82937611;
10/01/2022,7366049.45352941;
11/01/2022,4649017.36218838;
12/01/2022,4276418.50227151;
13/01/2022,3870686.16141146;
14/01/2022,3947497.41696888;
15/01/2022,3778329.06722689;
16/01/2022,3718675.8798356;
17/01/2022,4353080.97296091;
18/01/2022,3766636.2325066;
19/01/2022,3530846.43203686;
20/01/2022,5170218.11837593;
21/01/2022,6382051.78413212;
22/01/2022,5712572.95575921;
23/01/2022,6746078.39195127;
24/01/2022,5673556.23576438;
25/01/2022,4148940.09231863;
26/01/2022,3990330.0797059;
27/01/2022,4246151.28883001;
28/01/2022,3909486.61884262;
29/01/2022,3771459.04228002;
30/01/2022,3931379.01366726;
31/01/2022,3896197.77639353;
01/02/2022,3335079.04147805;
02/02/2022,3608398.68146524;
03/02/2022,4479684.04920269;
04/02/2022,3530466.14834013;
05/02/2022,3046303.60918288;
06/02/2022,4719355.74290554;
07/02/2022,11957138.8766474;
08/02/2022,5388473.66116056;
09/02/2022,5358161.68789576;
10/02/2022,3919197.42654084;
11/02/2022,3186538.52820176;
12/02/2022,3288531.58203019;
13/02/2022,3957897.44526518;
14/02/2022,3425575.57660951;
15/02/2022,3913108.63218355;
16/02/2022,3664305.81661787;
17/02/2022,3922024.41846978;
18/02/2022,3223183.09492932;
19/02/2022,3411589.0902394;
20/02/2022,4987413.64272896;
21/02/2022,4756839.95787969;
22/02/2022,3597031.73630759;
23/02/2022,4283223.89738071;
24/02/2022,4323350.10824429;
25/02/2022,3127279.39922042;
26/02/2022,2944240.97396236;
27/02/2022,4322021 .623452314;
28/02/2022,4987587.41653964;
01/03/2022,3629538.70981372;
02/03/2022,3945266.2745885;
03/03/2022,3555251.86097118;
04/03/2022,2616672.69155176;
05/03/2022,2764429.34498524;
06/03/2022,3589195.55793787;
07/03/2022,8872860.88592986;
08/03/2022,7533865.34467868;
09/03/2022,4892503.75538089;
10/03/2022,4127599.07245791;
11/03/2022,3409279.4182020 22;
12/03/2022,3471559.78556722;
13/03/2022,4364034.51608986;
14/03/2022,3666648.66891235;
15/03/2022,4174563.62901211;
16/03/2022,4107138.75663242;
17/03/2022,3376443.66216539;
18/03/2022,3631155.29932348;
19/03/2022,2497434.7174019;
20/03/2022,4501419.76668248;
21/03/2022,3615218.64590223;
22/03/2022,3333457.0345256;
23/03/2022,3540391.73144281;
24/03/2022,4223371.80795523;
25/03/2022,3316818.75268461;
26/03/2022,3293481.198717;
28/03/2022,4739013.59412007;
29/03/2022,4449903.51645473;
30/03/2022,3680077.07151062;
31/03/2022,3918935.85366008;
01/04/2022,3434271.06803338;
02/04/2022,4019035.00710295;
03/04/2022,2946637.78399552;
04/04/2022,3541538.86329884;
05/04/2022,7671351.7041779;
06/04/2022,6304541.08702562;
07/04/2022,5536026.91636145;
08/04/2022,4946555.40958749;
09/04/2022,3337379.68589574;
10/04/2022,3396073.77119506;
11/04/2022,5731184.87235027;
12/04/2022,5024041.89727764;
13/04/2022,5150151.35280489;
14/04/2022,5494127.01135634;
15/04/2022,4131532.48569272;
16/04/2022,3189433.87387289;
17/04/2022,3340442.55009796;
18/04/2022,5409895.65370438;
19/04/2022,4972505.2328134;
20/04/2022,4249194.94755327;
21/04/2022,5470603.30770964;
22/04/2022,5495355.36924831;
23/04/2022,4701306.22634219;
24/04/2022,5282577.83733563;
25/04/2022,8085468.21369993;
26/04/2022,7555584.96979585;
27/04/2022,6798134.08829799;
28/04/2022,6930073.8199425;
29/04/2022,5369885.74756699;
