Timestamp,transaction-fees-usd
01/05/2019,355112.39319592
02/05/2019,352449.34535022
03/05/2019,457428.841073132
04/05/2019,355778.377034773
05/05/2019,359875.131106285
06/05/2019,431472.576428765
07/05/2019,550568.76084536
08/05/2019,654864.405159654
09/05/2019,653469.00891496
10/05/2019,786365.15324744
11/05/2019,848925.356296582
12/05/2019,771725.965372654
13/05/2019,840292.0937122
14/05/2019,1057863.89911657
15/05/2019,1585533.64083739
16/05/2019,1853649.07416285
17/05/2019,1650951.41169966
18/05/2019,987228.6029589
19/05/2019,996544.122010446
20/05/2019,1468601.70168584
21/05/2019,1610675.95334609
22/05/2019,1416401.39704072
23/05/2019,1262208.55123279
24/05/2019,1535781.22957152
25/05/2019,1031523.88459694
26/05/2019,778839.007618941
27/05/2019,1727257.42473471
28/05/2019,1735508.55352325
29/05/2019,1633565.78418822
30/05/2019,1629865.55599071
31/05/2019,1713611.62299618
01/06/2019,1362765.48977121
02/06/2019,1028715.30662847
03/06/2019,1693015.42862659
04/06/2019,1728231.03240991
05/06/2019,1238191.52050696
06/06/2019,959903.722605092
07/06/2019,861779.733886153
08/06/2019,582893.90929086
09/06/2019,498962.708959555
10/06/2019,804692.654421822
11/06/2019,872726.85625637
12/06/2019,874622.13832975
13/06/2019,893272.238838839
14/06/2019,987978.100464444
15/06/2019,686185.09923132
16/06/2019,677589.485449899
17/06/2019,1094333.82436547
18/06/2019,1069445.10156704
19/06/2019,967567.140086065
20/06/2019,1047359.4189632
21/06/2019,1237370.87558488
22/06/2019,1317249.19958094
23/06/2019,873606.602986917
24/06/2019,1120601.172317
25/06/2019,1371038.30731988
26/06/2019,2360622.22856474
27/06/2019,2392393.92450737
28/06/2019,2133609.78713692
29/06/2019,1292722.06773499
30/06/2019,1211030.04519003
01/07/2019,1357397.50451113
02/07/2019,1212199.91511567
03/07/2019,1072672.23297331
04/07/2019,989158.539741836
05/07/2019,845910.767197594
06/07/2019,591338.791661809
07/07/2019,515817.543758811
08/07/2019,824039.422571149
09/07/2019,892835.558041145
10/07/2019,1086524.89866567
11/07/2019,938029.070508979
12/07/2019,785807.997424085
13/07/2019,507503.780193075
14/07/2019,441247.688127061
15/07/2019,664514.691084682
16/07/2019,659843.584877347
17/07/2019,617041.070608925
18/07/2019,724678.519566523
19/07/2019,744624.801853779
20/07/2019,540233.807603992
21/07/2019,396537.032389333
22/07/2019,573311.407711612
23/07/2019,521481.250824026
24/07/2019,484498.810267531
25/07/2019,566785.45982141
26/07/2019,454566.318251447
27/07/2019,321163.797224231
28/07/2019,251048.80705653
29/07/2019,380851.48467158
30/07/2019,575915.399547729
31/07/2019,528796.6554116
01/08/2019,478453.132948785
02/08/2019,468543.095737674
03/08/2019,296718.327918495
04/08/2019,214910.612571403
05/08/2019,505603.57497006
06/08/2019,539637.9061049
07/08/2019,836116.026928645
08/08/2019,832669.063714055
09/08/2019,776052.01079988
10/08/2019,461029.366037485
11/08/2019,348662.346249778
12/08/2019,584463.94338514
13/08/2019,847429.841589095
14/08/2019,615428.02705366
15/08/2019,548478.120394696
16/08/2019,545927.99114816
17/08/2019,364588.770434759
18/08/2019,300219.230049329
19/08/2019,452847.464343655
20/08/2019,511446.420869311
21/08/2019,536157.939917247
22/08/2019,542320.457839831
23/08/2019,429816.506458361
24/08/2019,306393.990716953
25/08/2019,218966.721000945
26/08/2019,343236.6536065
27/08/2019,349517.819342665
28/08/2019,340900.619152829
29/08/2019,327068.752371414
30/08/2019,330918.614585244
31/08/2019,231118.102452182
01/09/2019,192857.491518899
02/09/2019,296605.726100961
03/09/2019,411641.215443005
04/09/2019,394343.837806005
05/09/2019,388137.878601865
06/09/2019,400050.934290715
07/09/2019,280519.62622398
08/09/2019,227764.129588358
09/09/2019,337008.495786183
10/09/2019,382099.32054375
11/09/2019,350939.249230745
12/09/2019,301258.287006113
13/09/2019,284160.60451526
14/09/2019,218080.94915119
15/09/2019,189078.29735992
16/09/2019,300774.59147465
17/09/2019,354067.115070955
18/09/2019,348109.777028755
19/09/2019,372578.711265455
20/09/2019,326104.835898615
21/09/2019,235104.366842535
22/09/2019,205263.068586035
23/09/2019,322033.79822979
24/09/2019,368707.329806856
25/09/2019,365233.861125324
26/09/2019,273228.6152022 01
27/09/2019,280602.48254671
28/09/2019,188936.07082534
29/09/2019,172177.22339787
30/09/2019,333119.613915386
01/10/2019,403337.23901577
02/10/2019,313652.94602343
03/10/2019,311350.757190075
04/10/2019,226393.664453062
05/10/2019,155773.67183367
06/10/2019,135228.830037485
07/10/2019,198859.4532020 18
08/10/2019,230203.19963552
09/10/2019,254141.671543019
10/10/2019,287692.428761435
11/10/2019,235768.354219275
12/10/2019,173014.92217867
13/10/2019,137194.612373259
14/10/2019,200105.439853395
15/10/2019,214398.45841461
16/10/2019,234620.7162171
17/10/2019,207217.554056628
18/10/2019,198614.21529076
19/10/2019,146309.781508489
20/10/2019,127115.42306344
21/10/2019,171805.435831125
22/10/2019,182479.604364675
23/10/2019,239788.599189551
24/10/2019,215697.434247815
25/10/2019,286760.518676085
26/10/2019,445087.894565378
27/10/2019,320039.897030037
28/10/2019,332482.893657135
29/10/2019,313077.23449782
30/10/2019,325657.552920955
31/10/2019,371297.615944411
01/11/2019,257824.36455153
02/11/2019,241157.743836065
03/11/2019,448652.672439049
04/11/2019,409189.59606168
05/11/2019,361228.763443005
06/11/2019,367032.923766871
07/11/2019,366614.287376285
08/11/2019,259400.115939804
09/11/2019,213741.528929005
10/11/2019,259985.212866615
11/11/2019,250157.402188155
12/11/2019,300288.6804147
13/11/2019,258105.987608035
14/11/2019,254521.850697922
15/11/2019,194291.70411461
16/11/2019,179533.54902277
17/11/2019,233181.518608715
18/11/2019,281157.514506039
19/11/2019,225593.067385055
20/11/2019,288483.995467707
21/11/2019,293852.977650535
22/11/2019,158369.28465501
23/11/2019,121515.702754575
24/11/2019,229849.979624974
25/11/2019,284539.00114635
26/11/2019,245831.557247821
27/11/2019,198679.948796128
28/11/2019,259011.738628015
29/11/2019,208511.820185835
30/11/2019,161101.37229726
01/12/2019,190622.906405845
02/12/2019,186384.614615595
03/12/2019,217050.154483835
04/12/2019,170391.635783243
05/12/2019,185216.821433886
06/12/2019,136488.492932575
07/12/2019,108697.90092066
08/12/2019,162681.966484135
09/12/2019,169332.855391595
10/12/2019,177337.582885545
11/12/2019,161743.952500285
12/12/2019,163140.7159923
13/12/2019,111357.45764521
14/12/2019,144956.049736998
15/12/2019,156312.460524745
16/12/2019,155377.70409706
17/12/2019,187707.777228705
18/12/2019,209201.792612032
19/12/2019,182153.207526775
20/12/2019,118710.31831236
21/12/2019,92345.473466835
22/12/2019,141805.76463966
23/12/2019,128678.07161855
24/12/2019,94697.78636791
25/12/2019,144847.774239277
26/12/2019,125276.93713638
27/12/2019,100746.286225477
28/12/2019,92621.517625755
29/12/2019,116649.654471028
30/12/2019,106897.286097356
31/12/2019,71819.535881825
01/01/2020,7556.22325633
02/01/2020,18804.925808477
03/01/2020,1050.14425706
04/01/2020,8532.5113295912
05/01/2020,56240.581115435
06/01/2020,020 56.637165872
07/01/2020,53639.224523445
08/01/2020,34889.71334373
09/01/2020,69893.769357924
10/01/2020,49746.64073864
11/01/2020,18506.942755045
12/01/2020,42861.33139231
13/01/2020,24956.373426505
14/01/2020,74928.824865575
15/01/2020,7176.854595105
16/01/2020,15116.699962192
17/01/2020,58075.07604825
18/01/2020,48402.37484248
19/01/2020,46878.042932375
20/01/2020,77281.741405005
21/01/2020,90275.091249285
22/01/2020,78026.067869385
23/01/2020,36250.29893946
24/01/2020,4726.76568995
25/01/2020,371.85278697
26/01/2020,73263.866481225
27/01/2020,7611.508410945
28/01/2020,90781.284329835
29/01/2020,87287.000429768
30/01/2020,10266.864066575
31/01/2020,63807.06832045
01/02/2020,59250.34390695
02/02/2020,811.004641575
03/02/2020,18242.472432848
04/02/2020,41354.06834986
05/02/2020,71923.595613535
06/02/2020,8132.36494327
07/02/2020,13029.1989374
08/02/2020,784.756380835
09/02/2020,79935.034812314
10/02/2020,52891.21008744
11/02/2020,87378.485979585
12/02/2020,64422.754256368
13/02/2020,30638.826502205
14/02/2020,89854.441457135
15/02/2020,13823.583470045
16/02/2020,48493.44878495
17/02/2020,99239.02798569
18/02/2020,21939.09125211
19/02/2020,66434.874030725
20/02/2020,28330.194344265
21/02/2020,77059.21594133
22/02/2020,64055.823625785
23/02/2020,22941.471373335
24/02/2020,41495.287671946
25/02/2020,64807.431043065
26/02/2020,37352.83405567
27/02/2020,28249.806726255
28/02/2020,60837.600123555
29/02/2020,23696.95896551
01/03/2020,019  41.75478917
02/03/2020,17280.980321935
03/03/2020,15896.21950216
04/03/2020,2022 1.476485165
05/03/2020,43122.00573979
06/03/2020,69394.580492015
07/03/2020,39865.50707628
08/03/2020,1358.450743183
09/03/2020,22006.248720077
10/03/2020,31568.26789909
11/03/2020,91127.876922815
12/03/2020,41659.151184846
13/03/2020,86980.174486856
14/03/2020,34918.506043555
15/03/2020,13356.24227754
16/03/2020,30277.543553364
17/03/2020,10354.719294655
18/03/2020,94298.832836978
19/03/2020,17762.907913405
20/03/2020,90303.628415855
21/03/2020,4586.143648206
22/03/2020,17062.669366249
23/03/2020,97674.3581887
24/03/2020,3494.188675113
25/03/2020,66817.285029733
26/03/2020,78310.005421215
27/03/2020,81312.68336178
28/03/2020,29282.041117055
30/03/2020,64907.129901515
31/03/2020,87635.353086023
01/04/2020,69072.93673951
02/04/2020,68345.002720967
03/04/2020,76394.673256326
04/04/2020,13034.25148237
05/04/2020,2753.6266792
06/04/2020,49386.933186148
07/04/2020,86825.764900079
08/04/2020,65317.671523745
09/04/2020,70337.190654418
10/04/2020,44680.59318499
11/04/2020,5448.18963293
12/04/2020,9377.213106895
13/04/2020,14113.232737325
14/04/2020,54671.635339455
15/04/2020,80221.73745236
16/04/2020,98528.97918529
17/04/2020,83924.940806665
18/04/2020,37861.278558785
19/04/2020,11572.46401451
20/04/2020,54876.97915905
21/04/2020,61936.74560551
22/04/2020,78220.413801023
23/04/2020,990.1671429
24/04/2020,81706.55217529
25/04/2020,9882.174790355
26/04/2020,58510.647644783
27/04/2020,18381.651089275
28/04/2020,14812.785011675
29/04/2020,45085.891699809
30/04/2020,71607.283471105
01/05/2020,97350.01386165
02/05/2020,5690.790770165
03/05/2020,14184.098905119
04/05/2020,88614.779659312
05/05/2020,41549.51406749
06/05/2020,68834.405895864
07/05/2020,40525.08231752
08/05/2020,34676.87050096
09/05/2020,47586.646695398
10/05/2020,55622.759303741
11/05/2020,85376.964002169
12/05/2020,62885.958666815
13/05/2020,97849.367271426
14/05/2020,399772.35128988
15/05/2020,539241.85207204
16/05/2020,18775.6908057
17/05/2020,72748.49211133
18/05/2020,657263.60620265
19/05/2020,803715.02037417
20/05/2020,857616.11969975
21/05/2020,861114.57557815
22/05/2020,447001.42415917
23/05/2020,94049.25519165
24/05/2020,69463.838781515
25/05/2020,12882.458533699
26/05/2020,21876.362825904
27/05/2020,45727.631938745
28/05/2020,26468.01321037
29/05/2020,98408.814543075
30/05/2020,50716.372014456
31/05/2020,82754.267796826
01/06/2020,66439.64780061
02/06/2020,65817.93220643
03/06/2020,84999.11860107
04/06/2020,5764.20040038
05/06/2020,46338.93998952
06/06/2020,10840.27498877
07/06/2020,52841.514500095
08/06/2020,11865.624322125
09/06/2020,43909.918917795
10/06/2020,75636.38666696
11/06/2020,70845.026593711
12/06/2020,81531.456330825
13/06/2020,99849.65917518
14/06/2020,54256.537838495
15/06/2020,17051.224608405
16/06/2020,87981.960086835
17/06/2020,54573.10823802
18/06/2020,21236.57968918
19/06/2020,62543.22769752
20/06/2020,78926.50234774
21/06/2020,39065.2058985
22/06/2020,43583.95117743
23/06/2020,41882.52022 986
24/06/2020,98689.9593605
25/06/2020,69944.67320617
26/06/2020,18505.682806057
27/06/2020,13082.68396448
28/06/2020,78468.48756926
29/06/2020,4297.302716275
30/06/2020,92985.46204946
01/07/2020,92471.561264635
02/07/2020,12223.954237295
03/07/2020,98172.581762145
04/07/2020,89621.60591
05/07/2020,27271.55629459
06/07/2020,49099.4013014
07/07/2020,79330.84595956
08/07/2020,46715.382095575
09/07/2020,18086.103640047
10/07/2020,49036.91445103
11/07/2020,1953.49757442
12/07/2020,27342.071313755
13/07/2020,79987.8628078
14/07/2020,89562.93017444
15/07/2020,93077.084228825
16/07/2020,13386.344949841
17/07/2020,5962.40619956
18/07/2020,2713.66922192
19/07/2020,25753.81677879
20/07/2020,20946.188139906
21/07/2020,52835.609468845
22/07/2020,340980.61846802
23/07/2020,289400.95421377
24/07/2020,189465.04264751
25/07/2020,59187.56193061
26/07/2020,60125.978751335
27/07/2020,286923.31716324
28/07/2020,64772.36126898
29/07/2020,939683.1268756
30/07/2020,987589.69845539
31/07/2020,925603.84921735
01/08/2020,492321.67169172
02/08/2020,207471.72131422
03/08/2020,468368.82847356
04/08/2020,251523.15707219
05/08/2020,571054.89168858
06/08/2020,308957.9382111
07/08/2020,622904.81880481
08/08/2020,23272.89716504
09/08/2020,31043.23911036
10/08/2020,589298.8115932
11/08/2020,762181.82905809
12/08/2020,435644.2900604
13/08/2020,260101.67914107
14/08/2020,278361.99223642
15/08/2020,8950.66224013
16/08/2020,19177.56749196
17/08/2020,91647.71750867
18/08/2020,945202.57585174
19/08/2020,740787.751279144
20/08/2020,542784.766919045
21/08/2020,596550.319885203
22/08/2020,84930.1619194099
23/08/2020,98530.3493479552
24/08/2020,21389.1496424453
25/08/2020,44881.0658189099
26/08/2020,236888.403234855
27/08/2020,402562.63726198
28/08/2020,197064.829847997
29/08/2020,57703.1379612649
30/08/2020,44364.36462156
31/08/2020,91099.8493408803
01/09/2020,498947.052071034
02/09/2020,480552.954979684
03/09/2020,476644.325323955
04/09/2020,625864.517255361
05/09/2020,246301.263576392
06/09/2020,24483.0170601325
07/09/2020,88468.9795823685
08/09/2020,50675.1157147604
09/09/2020,10163.3013048801
10/09/2020,140820.802146313
11/09/2020,80945.9779411131
12/09/2020,8918.2842913998
13/09/2020,9032.02982522396
14/09/2020,6616.0581740414
15/09/2020,31298.2620308343
16/09/2020,47678.0897720396
17/09/2020,71947.4737474852
18/09/2020,57383.619657055
19/09/2020,23699.8649147499
20/09/2020,59928.5484219399
21/09/2020,49684.1829644282
22/09/2020,76069.7873603869
23/09/2020,2747.45536237
24/09/2020,70012.8368624152
25/09/2020,37679.47297812
26/09/2020,48045.9788256948
27/09/2020,7015.393363995
28/09/2020,29103.34552623
29/09/2020,89805.5118573454
30/09/2020,19664.4617825851
01/10/2020,94199.49298434
02/10/2020,288160.72609602
03/10/2020,72418.7991438297
04/10/2020,91853.718426455
05/10/2020,82768.7349297388
06/10/2020,220125.232074085
07/10/2020,179806.910240235
08/10/2020,111494.66286778
09/10/2020,217905.23703174
10/10/2020,59894.8560518993
11/10/2020,83799.63049384
12/10/2020,57905.4757339802
13/10/2020,50506.8766397453
14/10/2020,49905.9962739248
15/10/2020,97788.0672735148
16/10/2020,28436.3441653196
17/10/2020,5357.8910331651
18/10/2020,16658.8618328352
19/10/2020,88446.3545453851
20/10/2020,24870.2824900897
21/10/2020,461640.012415789
22/10/2020,197550.043336765
23/10/2020,880521.72252187
24/10/2020,240565.693247974
25/10/2020,51879.590892079
26/10/2020,581159.896334148
27/10/2020,41572.4046883765
28/10/2020,459471.099815416
29/10/2020,523576.416338579
30/10/2020,627758.720960085
31/10/2020,455878.675498049
01/11/2020,838663.756504813
02/11/2020,937585.748946049
03/11/2020,847435.001188189
04/11/2020,605834.214338379
05/11/2020,787397.489026407
06/11/2020,78844.1396717667
07/11/2020,486150.546295707
08/11/2020,222515.513651725
09/11/2020,371662.71510015
10/11/2020,680247.53467649
11/11/2020,651053.576028724
12/11/2020,672393.318972784
13/11/2020,66706.4515975019
14/11/2020,78248.0659319302
15/11/2020,373930.45896033
16/11/2020,560223.353475659
17/11/2020,782231.61130511
18/11/2020,690198.526432982
19/11/2020,403265.76321197
20/11/2020,78179.623758941
21/11/2020,91242.6145193098
22/11/2020,44802.6451119351
23/11/2020,635711.430801244
24/11/2020,881507.447287457
25/11/2020,814488.23998029
26/11/2020,433816.230571361
27/11/2020,85192.5600987038
28/11/2020,24095.046996837
29/11/2020,377090.262301854
30/11/2020,799806.709294042
01/12/2020,523414.123995243
02/12/2020,817492.296109237
03/12/2020,78420.16068361
04/12/2020,332834.596984534
05/12/2020,26834.513242693
06/12/2020,313874.892927799
07/12/2020,406369.88771375
08/12/2020,323373.801235514
09/12/2020,353547.101491644
10/12/2020,275734.228877002
11/12/2020,42759.8594338422
12/12/2020,55747.2441937736
13/12/2020,136052.378991959
14/12/2020,388313.33562396
15/12/2020,662246.525156564
16/12/2020,764622.346848548
17/12/2020,510788.664858939
18/12/2020,800254.841559444
19/12/2020,740165.757397466
20/12/2020,241780.36614949
21/12/2020,87551.77943903
22/12/2020,369707.107698524
23/12/2020,476837.244913453
24/12/2020,217720.486943299
25/12/2020,776182.131721611
26/12/2020,494179.26724247
27/12/2020,711235.311181774
28/12/2020,828428.115468294
29/12/2020,978522.545802556
30/12/2020,279398.772650015
31/12/2020,455398.207853411
01/01/2021,504284.315662754
02/01/2021,893753.635204985
03/01/2021,516375.453386646
04/01/2021,677640.800432405
05/01/2021,477049.485139606
06/01/2021,701567.105017461
07/01/2021,435433.863222621
08/01/2021,571160.476991666
09/01/2021,643194.912175911
10/01/2021,563809.325475646
11/01/2021,843153.716853884
12/01/2021,725847.947130554
13/01/2021,760122.5729426
14/01/2021,500740.880559786
15/01/2021,324821.305439297
16/01/2021,359708.057045858
17/01/2021,85563.262248467
18/01/2021,635331.922466609
19/01/2021,281456.681040819
20/01/2021,920315.57792635
21/01/2021,691982.66291125
22/01/2021,439615.620564874
23/01/2021,863241.646068781
24/01/2021,430771.171271744
25/01/2021,628887.223134517
26/01/2021,576778.619359798
27/01/2021,799236.510165636
28/01/2021,927830.549549784
29/01/2021,717602.895583362
30/01/2021,354950.926542222
31/01/2021,428334.453749844
01/02/2021,206601.055430933
02/02/2021,914131.689372337
03/02/2021,272363.342283791
04/02/2021,484953.255958728
05/02/2021,773344.524637156
06/02/2021,278905.683908417
07/02/2021,870830.670150638
08/02/2021,291436.043097354
09/02/2021,780335.760316885
10/02/2021,872186.489498895
11/02/2021,813445.721500803
12/02/2021,946334.441674999
13/02/2021,155853.47150963
14/02/2021,911922.730046334
15/02/2021,865760.699015841
16/02/2021,250739.439918746
17/02/2021,867926.502137245
18/02/2021,560343.8188442
19/02/2021,324614.345056749
20/02/2021,621047.289411742
21/02/2021,195847.117661797
22/02/2021,57970.466547955
23/02/2021,584737.31624315
24/02/2021,734467.165401474
25/02/2021,938220.679978245
26/02/2021,914902.241621362
27/02/2021,716584.173653777
28/02/2021,830065.236725032
01/03/2021,547506.395661628
02/03/2021,732292.332712144
03/03/2021,608811.642099855
04/03/2021,464049.639443926
05/03/2021,766262.353274381
06/03/2021,581184.378049325
07/03/2021,608160.352699808
08/03/2021,676836.613151384
09/03/2021,129405.834610043
10/03/2021,269462.062021 274
11/03/2021,665975.420026365
12/03/2021,912800.200813857
13/03/2021,353415.752495764
14/03/2021,454623.616861326
15/03/2021,115414.671408256
16/03/2021,18255.183766747
17/03/2021,93851.597071255
18/03/2021,889476.881835576
19/03/2021,922164.745245101
20/03/2021,555153.654271334
21/03/2021,829963.204994431
22/03/2021,523133.092676763
23/03/2021,550595.201614134
24/03/2021,498616.290606775
25/03/2021,326816.954252167
26/03/2021,697780.907201107
27/03/2021,241129.2352661
29/03/2021,649750.663179881
30/03/2021,655379.479868109
31/03/2021,22839.755071059
01/04/2021,303552.033138514
02/04/2021,302028.487984678
03/04/2021,53962.998789172
04/04/2021,879756.590518606
05/04/2021,510408.653952021
06/04/2021,219566.173913687
07/04/2021,753741.895590767
08/04/2021,237750.288578641
09/04/2021,856015.940104296
10/04/2021,392473.672499956
11/04/2021,799375.034562434
12/04/2021,521992.880361168
13/04/2021,350802.34257512
14/04/2021,790846.152798707
15/04/2021,188549.816228364
16/04/2021,654721.85556124
17/04/2021,48484.461639743
18/04/2021,2476165.52335419
19/04/2021,2351427.72068432
20/04/2021,6903066.46923622
21/04/2021,4191444.15241166
22/04/2021,6131777.90699847
23/04/2021,3449168.61564893
24/04/2021,436390.177821115
25/04/2021,771401.265578174
26/04/2021,90410.378321573
27/04/2021,851481.485113187
28/04/2021,443013.032134759
29/04/2021,790812.84611359
30/04/2021,109470.678177836
01/05/2021,56552.391225515
02/05/2021,835523.62963271
03/05/2021,436473.553799337
04/05/2021,497091.92912356
05/05/2021,618412.242955813
06/05/2021,232192.355571224
07/05/2021,203291.381208557
08/05/2021,108566.170966267
09/05/2021,61657.140035584
10/05/2021,826701.432634164
11/05/2021,569327.254052799
12/05/2021,310769.894414552
13/05/2021,571243.821192496
14/05/2021,682592.199427666
15/05/2021,116945.152075572
16/05/2021,465303.782950687
17/05/2021,372348.388394168
18/05/2021,962920.36571643
19/05/2021,895433.900307426
20/05/2021,275558.551735828
21/05/2021,103904.750231578
22/05/2021,840269.872424652
23/05/2021,828084.48155193
24/05/2021,595913.287961922
25/05/2021,266233.231968297
26/05/2021,57611.9648879245
27/05/2021,569470.909781116
28/05/2021,547163.26942885
29/05/2021,672654.431237741
30/05/2021,298426.0232431
31/05/2021,650478.04675535
01/06/2021,727599.80392406
02/06/2021,910085.523923581
03/06/2021,920705.763168388
04/06/2021,583206.05892859
05/06/2021,82501.9358168778
06/06/2021,12485.561027935
07/06/2021,266620.581185154
08/06/2021,156939.76257696
09/06/2021,210337.22863661
10/06/2021,715939.085078464
11/06/2021,505578.882168009
12/06/2021,278937.849496455
13/06/2021,49824.279575072
14/06/2021,524262.632782546
15/06/2021,557577.83556363
16/06/2021,538879.300057424
17/06/2021,210119.703720894
18/06/2021,142644.84491354
19/06/2021,80657.4080873234
20/06/2021,94364.5851247732
21/06/2021,325747.430762702
22/06/2021,529601.829587585
23/06/2021,921499.699847435
24/06/2021,624791.761086055
25/06/2021,467294.488513267
26/06/2021,26377.4862813442
27/06/2021,94563.6187211958
28/06/2021,819158.709827725
29/06/2021,895790.071616135
30/06/2021,176609.760123628
01/07/2021,444115.242989816
02/07/2021,64573.7223746126
03/07/2021,28058.1386466548
04/07/2021,533082.319825134
05/07/2021,618457.341243872
06/07/2021,608397.438132015
07/07/2021,309346.42019  05783
08/07/2021,66730.0958412429
09/07/2021,91745.7720978879
10/07/2021,46919.5939725555
11/07/2021,34137.4887759703
12/07/2021,75257.973337679
13/07/2021,39050.6574440622
14/07/2021,15940.8357754195
15/07/2021,26170.955563693
16/07/2021,49046.4443972324
17/07/2021,98117.9175862612
18/07/2021,82734.7410199331
19/07/2021,90435.3666245714
20/07/2021,41599.9859052661
21/07/2021,51686.5339324978
22/07/2021,62651.5822414174
23/07/2021,26145.7922654526
24/07/2021,34318.1405187592
25/07/2021,34180.7940461248
26/07/2021,527.0059988148
27/07/2021,5648.3806176905
28/07/2021,19650.4724596755
29/07/2021,2440.4757681953
30/07/2021,76905.9281111764
31/07/2021,67510.799921637
01/08/2021,2959.18126019154
02/08/2021,33678.3025228591
03/08/2021,92729.8789043702
04/08/2021,86176.42127036
05/08/2021,85774.341207098
06/08/2021,89380.3074954066
07/08/2021,51868.6970920752
08/08/2021,36279.8171292448
09/08/2021,10190.9085103582
10/08/2021,43651.1920907345
11/08/2021,11796.6325731914
12/08/2021,75801.78342867
13/08/2021,87292.3553841454
14/08/2021,12896.285024436
15/08/2021,51047.5714292612
16/08/2021,64623.3042931516
17/08/2021,22533.1951044699
18/08/2021,96294.749213735
19/08/2021,83976.3727932619
20/08/2021,53800.8117346275
21/08/2021,60978.406618123
22/08/2021,67704.2170355871
23/08/2021,24341.615285643
24/08/2021,36449.8968082938
25/08/2021,19543.254227655
26/08/2021,53301.4691781066
27/08/2021,69378.3269082
28/08/2021,23564.6993283303
29/08/2021,28835.1490642131
30/08/2021,3044.8225856082
31/08/2021,50089.1504215797
01/09/2021,47285.3785490517
02/09/2021,92845.1381012617
03/09/2021,22068.6088154034
04/09/2021,833.0571980047
05/09/2021,28277.0167002352
06/09/2021,97828.4224801812
07/09/2021,12393.2442165067
08/09/2021,80689.8457502944
09/09/2021,55889.1869755357
10/09/2021,47406.7059638859
11/09/2021,91640.7920168221
12/09/2021,99167.7181541049
13/09/2021,84460.9594317911
14/09/2021,89971.4868344534
15/09/2021,12826.5218986467
16/09/2021,2737.9729330437
17/09/2021,19183.3582763366
18/09/2021,60600.5965040771
19/09/2021,93391.6500451306
20/09/2021,16446.9819186883
21/09/2021,27241.1811767757
22/09/2021,94535.6534432083
23/09/2021,7336.9066005489
24/09/2021,93234.6850823488
25/09/2021,64042.7042524049
26/09/2021,62745.7090269653
27/09/2021,52078.706935914
28/09/2021,71108.558668003
29/09/2021,72236.7979670709
30/09/2021,38083.9978280262
01/10/2021,55216.7360033639
02/10/2021,22838.4401935786
03/10/2021,80293.799514592
04/10/2021,60229.1505330522
05/10/2021,66280.3773332164
06/10/2021,61095.269037191
07/10/2021,465935.518173376
08/10/2021,126447.816007374
09/10/2021,4229.6442341652
10/10/2021,3621.2524282538
11/10/2021,178728.423132395
12/10/2021,80831.0958769154
13/10/2021,41607.2368537664
14/10/2021,67257.8099765149
15/10/2021,232979.49238158
16/10/2021,62047.8452179555
17/10/2021,89819.9144213337
18/10/2021,78062.2909584112
19/10/2021,41889.2969801712
20/10/2021,228067.689458332
21/10/2021,303056.348397187
22/10/2021,14196.0134359605
23/10/2021,80881.5972299263
24/10/2021,44838.4785748839
25/10/2021,80607.2745837299
26/10/2021,55518.596389572
27/10/2021,45820.7030768984
28/10/2021,84516.8960420062
29/10/2021,77477.7814022825
30/10/2021,42443.2432570005
31/10/2021,48792.6521585952
01/11/2021,100556.2019  66174
02/11/2021,518.8371807287
03/11/2021,11594.7569464233
04/11/2021,77046.9746556587
05/11/2021,56162.2677601856
06/11/2021,98976.7077503691
07/11/2021,75477.0910903122
08/11/2021,573345.935155548
09/11/2021,234525.436276014
10/11/2021,11019.5136367482
11/11/2021,54324.9149534885
12/11/2021,88595.1891287297
13/11/2021,66488.6789599948
14/11/2021,29415.1072599987
15/11/2021,99225.6436486866
16/11/2021,6581.2940457492
17/11/2021,93401.1669025507
18/11/2021,57058.299599361
19/11/2021,59702.2200180126
20/11/2021,49569.8137025136
21/11/2021,6967.1578943944
22/11/2021,2880.6214443682
23/11/2021,98035.5915525709
24/11/2021,66947.0898695759
25/11/2021,9277.5229628414
26/11/2021,61068.8863713552
27/11/2021,1760.9536896841
28/11/2021,41326.4536468608
29/11/2021,26361.5481283619
30/11/2021,181129.15260486
01/12/2021,71589.4088630492
02/12/2021,46979.8404386541
03/12/2021,50159.1807254945
04/12/2021,73206.636199261
05/12/2021,34162.8924632785
06/12/2021,80986.7060246454
07/12/2021,20104.9056730722
08/12/2021,90586.1558632295
09/12/2021,58722.0268532245
10/12/2021,83642.8108950503
11/12/2021,24338.5323917748
12/12/2021,30558.8728047144
13/12/2021,56665.724055777
14/12/2021,62428.3373716127
15/12/2021,11856.9472550005
16/12/2021,19400.8395199393
17/12/2021,5734.9560686475
18/12/2021,28609.2884290677
19/12/2021,13459.4361324032
20/12/2021,59874.8816885735
21/12/2021,30977.1245440699
22/12/2021,35759.812688527
23/12/2021,16961.0598513964
24/12/2021,22897.5178814984
25/12/2021,91321.527965636
26/12/2021,68498.2282583151
27/12/2021,5399.0592732136
28/12/2021,81096.6239478105
29/12/2021,19304.0129922363
30/12/2021,51800.1648818927
31/12/2021,30733.7544446214
01/01/2022,43604.9904373527
02/01/2022,48479.843864685
03/01/2022,16936.3239997999
04/01/2022,26457.0949894644
05/01/2022,61724.0712110845
06/01/2022,16752.2014911051
07/01/2022,2580.2690598153
08/01/2022,27921.1001328194
09/01/2022,79596.7543314187
10/01/2022,90057.5873419699
11/01/2022,98173.0036728187
12/01/2022,58481.27700764
13/01/2022,11390.2439982342
14/01/2022,20162.4904152431
15/01/2022,74702.7716350281
16/01/2022,91777.9685050356
17/01/2022,97717.0086168715
18/01/2022,69460.2248711832
19/01/2022,22843.7821557571
20/01/2022,69765.9658587408
21/01/2022,95812.3290979737
22/01/2022,72452.2158331619
23/01/2022,10833.1184706008
24/01/2022,96816.2069557165
25/01/2022,54418.8475476048
26/01/2022,24238.8235914854
27/01/2022,64237.6907442666
28/01/2022,66245.4331272623
29/01/2022,318.0201188851
30/01/2022,91122.5548320571
31/01/2022,67605.692988082
01/02/2022,67428.7344027657
02/02/2022,96960.8473347109
03/02/2022,47595.124803543
04/02/2022,86963.7038286681
05/02/2022,27024.096713652
06/02/2022,30731.7058070204
07/02/2022,42541.175522647
08/02/2022,41981.8150251623
09/02/2022,70712.2074802539
10/02/2022,25224.1395554356
11/02/2022,24459.5184883435
12/02/2022,68932.2935048048
13/02/2022,72127.9902402175
14/02/2022,48132.9325651738
15/02/2022,54833.4375761861
16/02/2022,22986.9745092727
17/02/2022,80448.1095824834
18/02/2022,75560.9402872199
19/02/2022,22072.9922971868
20/02/2022,67312.547742107
21/02/2022,45412.8478402835
22/02/2022,9000.43815510586
23/02/2022,75059.905802131
24/02/2022,47494.8342314188
25/02/2022,88723.4484383674
26/02/2022,69531.6386334636
27/02/2022,70726.8318415056
28/02/2022,50803.8469398128
01/03/2022,290686.933443704
02/03/2022,73793.4779646767
03/03/2022,28100.1686782254
04/03/2022,42387.1433294899
05/03/2022,69366.3911864931
06/03/2022,32307.8258306648
07/03/2022,9089.1882152726
08/03/2022,69664.5327715821
09/03/2022,62278.059191681
10/03/2022,34537.6757167434
11/03/2022,8297.9837097871
12/03/2022,67569.9439742446
13/03/2022,146.42923732474
14/03/2022,83493.3351551606
15/03/2022,17927.9197169555
16/03/2022,30162.4872950758
17/03/2022,33915.2798943696
18/03/2022,36682.3385095121
19/03/2022,68817.1844127196
20/03/2022,90089.6905340012
21/03/2022,59040.0501275115
22/03/2022,57830.5592334547
23/03/2022,93690.3895859507
24/03/2022,72369.4154510855
25/03/2022,71543.1534782729
26/03/2022,36779.7862369848
28/03/2022,12121.7860689566
29/03/2022,73523.789074972
30/03/2022,27720.2074514593
31/03/2022,71705.0585093071
01/04/2022,96060.2709578148
02/04/2022,4007.1537259409
03/04/2022,83582.3375985889
04/04/2022,77223.6759349516
05/04/2022,5142.47291432694
06/04/2022,60508.6792393041
07/04/2022,37457.2979721097
08/04/2022,99458.8348580955
09/04/2022,45966.4979044032
10/04/2022,92248.7868156826
11/04/2022,31169.1846593595
12/04/2022,28250.1368103731
13/04/2022,81681.4774054636
14/04/2022,49183.9618906196
15/04/2022,56587.7931497176
16/04/2022,59655.648249227
17/04/2022,15462.32021 0229
18/04/2022,38011.7048952481
19/04/2022,85051.6266577036
20/04/2022,69107.2418990379
21/04/2022,54248.3696079695
22/04/2022,38976.3134595943
23/04/2022,25604.2046731259
24/04/2022,66427.553605634
25/04/2022,1917.1336984146
26/04/2022,46260.3449269284
27/04/2022,36397.895185316
28/04/2022,46967.716770785
29/04/2022,31783.9173639663
